[{"model": "admin.logentry", "pk": 1, "fields": {"action_time": "2026-05-24T14:35:59.180Z", "user": 1, "content_type": 9, "object_id": "1", "object_repr": "경동나비엔", "action_flag": 1, "change_message": "[{\"added\": {}}]"}}, {"model": "admin.logentry", "pk": 2, "fields": {"action_time": "2026-05-24T14:38:36.029Z", "user": 1, "content_type": 10, "object_id": "1", "object_repr": "보일러", "action_flag": 1, "change_message": "[{\"added\": {}}]"}}, {"model": "admin.logentry", "pk": 3, "fields": {"action_time": "2026-05-24T14:38:43.110Z", "user": 1, "content_type": 10, "object_id": "2", "object_repr": "온수기", "action_flag": 1, "change_message": "[{\"added\": {}}]"}}, {"model": "admin.logentry", "pk": 4, "fields": {"action_time": "2026-05-24T14:39:05.599Z", "user": 1, "content_type": 7, "object_id": "1", "object_repr": "가스 보일러", "action_flag": 1, "change_message": "[{\"added\": {}}]"}}, {"model": "admin.logentry", "pk": 5, "fields": {"action_time": "2026-05-24T14:39:31.743Z", "user": 1, "content_type": 7, "object_id": "2", "object_repr": "가스 온수기", "action_flag": 1, "change_message": "[{\"added\": {}}]"}}, {"model": "admin.logentry", "pk": 6, "fields": {"action_time": "2026-05-24T14:40:02.482Z", "user": 1, "content_type": 8, "object_id": "1", "object_repr": "일반 가스보일러", "action_flag": 1, "change_message": "[{\"added\": {}}]"}}, {"model": "admin.logentry", "pk": 7, "fields": {"action_time": "2026-05-24T14:40:23.196Z", "user": 1, "content_type": 8, "object_id": "2", "object_repr": "콘덴싱 가스 온수기", "action_flag": 1, "change_message": "[{\"added\": {}}]"}}, {"model": "admin.logentry", "pk": 8, "fields": {"action_time": "2026-06-01T13:23:24.051Z", "user": 1, "content_type": 12, "object_id": "1", "object_repr": "NGB554", "action_flag": 1, "change_message": "[{\"added\": {}}, {\"added\": {\"name\": \"image\", \"object\": \"products/image/NGB554_1Lt52lH.png\"}}, {\"added\": {\"name\": \"type\", \"object\": \"LNG \\uac1c\\ubc29\\uc2dd\"}}, {\"added\": {\"name\": \"type\", \"object\": \"LPG \\uac1c\\ubc29\\uc2dd\"}}, {\"added\": {\"name\": \"type\", \"object\": \"LNG \\ubc00\\ud3d0\\uc2dd\"}}, {\"added\": {\"name\": \"type\", \"object\": \"LPG \\ubc00\\ud3d0\\uc2dd\"}}]"}}, {"model": "admin.logentry", "pk": 9, "fields": {"action_time": "2026-06-01T13:58:18.695Z", "user": 1, "content_type": 12, "object_id": "1", "object_repr": "NGB554", "action_flag": 3, "change_message": ""}}, {"model": "admin.logentry", "pk": 10, "fields": {"action_time": "2026-06-01T13:59:31.662Z", "user": 1, "content_type": 12, "object_id": "2", "object_repr": "NGB554", "action_flag": 1, "change_message": "[{\"added\": {}}, {\"added\": {\"name\": \"image\", \"object\": \"products/image/NGB554.png\"}}, {\"added\": {\"name\": \"type\", \"object\": \"LNG \\uac1c\\ubc29\\uc2dd\"}}, {\"added\": {\"name\": \"type\", \"object\": \"LPG \\uac1c\\ubc29\\uc2dd\"}}, {\"added\": {\"name\": \"type\", \"object\": \"LNG \\ubc00\\ud3d0\\uc2dd\"}}, {\"added\": {\"name\": \"type\", \"object\": \"LPG \\ubc00\\ud3d0\\uc2dd\"}}]"}}, {"model": "admin.logentry", "pk": 11, "fields": {"action_time": "2026-06-03T05:30:11.172Z", "user": 1, "content_type": 15, "object_id": "8", "object_repr": "LPG 밀폐식", "action_flag": 2, "change_message": "[{\"added\": {\"name\": \"capacity\", \"object\": \"13K\"}}, {\"added\": {\"name\": \"capacity\", \"object\": \"16K\"}}, {\"added\": {\"name\": \"capacity\", \"object\": \"20K\"}}, {\"added\": {\"name\": \"capacity\", \"object\": \"25K\"}}, {\"added\": {\"name\": \"capacity\", \"object\": \"30K\"}}, {\"added\": {\"name\": \"capacity\", \"object\": \"35K\"}}]"}}, {"model": "admin.logentry", "pk": 12, "fields": {"action_time": "2026-06-03T05:30:19.511Z", "user": 1, "content_type": 15, "object_id": "8", "object_repr": "LPG 밀폐식", "action_flag": 2, "change_message": "[]"}}, {"model": "admin.logentry", "pk": 13, "fields": {"action_time": "2026-06-03T05:30:47.138Z", "user": 1, "content_type": 15, "object_id": "8", "object_repr": "LPG 밀폐식", "action_flag": 2, "change_message": "[{\"changed\": {\"name\": \"capacity\", \"object\": \"13L\", \"fields\": [\"\\uc6a9\\ub7c9\"]}}, {\"changed\": {\"name\": \"capacity\", \"object\": \"16L\", \"fields\": [\"\\uc6a9\\ub7c9\"]}}, {\"changed\": {\"name\": \"capacity\", \"object\": \"20L\", \"fields\": [\"\\uc6a9\\ub7c9\"]}}, {\"changed\": {\"name\": \"capacity\", \"object\": \"25L\", \"fields\": [\"\\uc6a9\\ub7c9\"]}}, {\"changed\": {\"name\": \"capacity\", \"object\": \"30L\", \"fields\": [\"\\uc6a9\\ub7c9\"]}}, {\"changed\": {\"name\": \"capacity\", \"object\": \"35L\", \"fields\": [\"\\uc6a9\\ub7c9\"]}}]"}}, {"model": "admin.logentry", "pk": 14, "fields": {"action_time": "2026-06-03T05:31:15.919Z", "user": 1, "content_type": 15, "object_id": "7", "object_repr": "LNG 밀폐식", "action_flag": 2, "change_message": "[{\"added\": {\"name\": \"capacity\", \"object\": \"13L\"}}, {\"added\": {\"name\": \"capacity\", \"object\": \"16L\"}}, {\"added\": {\"name\": \"capacity\", \"object\": \"20L\"}}, {\"added\": {\"name\": \"capacity\", \"object\": \"25L\"}}, {\"added\": {\"name\": \"capacity\", \"object\": \"30L\"}}, {\"added\": {\"name\": \"capacity\", \"object\": \"35L\"}}]"}}, {"model": "admin.logentry", "pk": 15, "fields": {"action_time": "2026-06-03T05:31:42.970Z", "user": 1, "content_type": 15, "object_id": "6", "object_repr": "LPG 개방식", "action_flag": 2, "change_message": "[{\"added\": {\"name\": \"capacity\", \"object\": \"13K\"}}, {\"added\": {\"name\": \"capacity\", \"object\": \"16K\"}}, {\"added\": {\"name\": \"capacity\", \"object\": \"20K\"}}, {\"added\": {\"name\": \"capacity\", \"object\": \"25K\"}}, {\"added\": {\"name\": \"capacity\", \"object\": \"30K\"}}, {\"added\": {\"name\": \"capacity\", \"object\": \"35K\"}}]"}}, {"model": "admin.logentry", "pk": 16, "fields": {"action_time": "2026-06-03T05:32:02.614Z", "user": 1, "content_type": 15, "object_id": "5", "object_repr": "LNG 개방식", "action_flag": 2, "change_message": "[{\"added\": {\"name\": \"capacity\", \"object\": \"13K\"}}, {\"added\": {\"name\": \"capacity\", \"object\": \"16K\"}}, {\"added\": {\"name\": \"capacity\", \"object\": \"20K\"}}, {\"added\": {\"name\": \"capacity\", \"object\": \"25K\"}}, {\"added\": {\"name\": \"capacity\", \"object\": \"30K\"}}, {\"added\": {\"name\": \"capacity\", \"object\": \"35K\"}}]"}}, {"model": "admin.logentry", "pk": 17, "fields": {"action_time": "2026-06-03T07:04:05.527Z", "user": 1, "content_type": 8, "object_id": "2", "object_repr": "콘덴싱 가스 온수기", "action_flag": 2, "change_message": "[{\"added\": {\"name\": \"model\", \"object\": \"NPW\"}}]"}}, {"model": "admin.logentry", "pk": 18, "fields": {"action_time": "2026-06-03T07:06:29.869Z", "user": 1, "content_type": 12, "object_id": "3", "object_repr": "NPW", "action_flag": 2, "change_message": "[{\"added\": {\"name\": \"image\", \"object\": \"products/image/MEW.png\"}}, {\"added\": {\"name\": \"type\", \"object\": \"36KDS\"}}, {\"added\": {\"name\": \"type\", \"object\": \"48KDS\"}}, {\"added\": {\"name\": \"type\", \"object\": \"36KSS\"}}, {\"added\": {\"name\": \"type\", \"object\": \"48KSS\"}}]"}}, {"model": "admin.logentry", "pk": 19, "fields": {"action_time": "2026-06-03T07:07:06.756Z", "user": 1, "content_type": 15, "object_id": "12", "object_repr": "48KSS", "action_flag": 2, "change_message": "[{\"added\": {\"name\": \"capacity\", \"object\": \"55.8\"}}]"}}, {"model": "admin.logentry", "pk": 20, "fields": {"action_time": "2026-06-03T07:07:15.129Z", "user": 1, "content_type": 15, "object_id": "11", "object_repr": "36KSS", "action_flag": 2, "change_message": "[{\"added\": {\"name\": \"capacity\", \"object\": \"41.8\"}}]"}}, {"model": "admin.logentry", "pk": 21, "fields": {"action_time": "2026-06-03T07:07:23.551Z", "user": 1, "content_type": 15, "object_id": "10", "object_repr": "48KDS", "action_flag": 2, "change_message": "[{\"added\": {\"name\": \"capacity\", \"object\": \"55.8\"}}]"}}, {"model": "admin.logentry", "pk": 22, "fields": {"action_time": "2026-06-03T07:07:31.017Z", "user": 1, "content_type": 15, "object_id": "9", "object_repr": "36KDS", "action_flag": 2, "change_message": "[{\"added\": {\"name\": \"capacity\", \"object\": \"41.8\"}}]"}}, {"model": "admin.logentry", "pk": 23, "fields": {"action_time": "2026-06-04T12:40:25.211Z", "user": 1, "content_type": 8, "object_id": "3", "object_repr": "콘덴싱 가스보일러", "action_flag": 1, "change_message": "[{\"added\": {}}]"}}, {"model": "admin.logentry", "pk": 24, "fields": {"action_time": "2026-06-04T12:40:52.601Z", "user": 1, "content_type": 12, "object_id": "4", "object_repr": "NCB753", "action_flag": 1, "change_message": "[{\"added\": {}}]"}}, {"model": "admin.logentry", "pk": 25, "fields": {"action_time": "2026-06-04T12:42:36.397Z", "user": 1, "content_type": 12, "object_id": "4", "object_repr": "NCB753", "action_flag": 2, "change_message": "[{\"added\": {\"name\": \"image\", \"object\": \"products/image/NCB753.png\"}}, {\"added\": {\"name\": \"type\", \"object\": \"LNG \\uac1c\\ubc29\\uc2dd\"}}, {\"added\": {\"name\": \"type\", \"object\": \"LPG \\uac1c\\ubc29\\uc2dd\"}}, {\"added\": {\"name\": \"type\", \"object\": \"LNG \\ubc00\\ud3d0\\uc2dd\"}}, {\"added\": {\"name\": \"type\", \"object\": \"LPG \\ubc00\\ud3d0\\uc2dd\"}}]"}}, {"model": "admin.logentry", "pk": 26, "fields": {"action_time": "2026-06-04T12:43:07.628Z", "user": 1, "content_type": 12, "object_id": "5", "object_repr": "NCB553", "action_flag": 1, "change_message": "[{\"added\": {}}, {\"added\": {\"name\": \"image\", \"object\": \"products/image/NCB553.png\"}}, {\"added\": {\"name\": \"type\", \"object\": \"LNG \\uac1c\\ubc29\\uc2dd\"}}, {\"added\": {\"name\": \"type\", \"object\": \"LPG \\uac1c\\ubc29\\uc2dd\"}}, {\"added\": {\"name\": \"type\", \"object\": \"LNG \\ubc00\\ud3d0\\uc2dd\"}}, {\"added\": {\"name\": \"type\", \"object\": \"LPG \\ubc00\\ud3d0\\uc2dd\"}}]"}}, {"model": "admin.logentry", "pk": 27, "fields": {"action_time": "2026-06-04T12:43:35.807Z", "user": 1, "content_type": 12, "object_id": "6", "object_repr": "NCB354", "action_flag": 1, "change_message": "[{\"added\": {}}, {\"added\": {\"name\": \"image\", \"object\": \"products/image/NCB354.png\"}}, {\"added\": {\"name\": \"type\", \"object\": \"LNG \\uac1c\\ubc29\\uc2dd\"}}, {\"added\": {\"name\": \"type\", \"object\": \"LPG \\uac1c\\ubc29\\uc2dd\"}}, {\"added\": {\"name\": \"type\", \"object\": \"LNG \\ubc00\\ud3d0\\uc2dd\"}}, {\"added\": {\"name\": \"type\", \"object\": \"LPG \\ubc00\\ud3d0\\uc2dd\"}}]"}}, {"model": "admin.logentry", "pk": 28, "fields": {"action_time": "2026-06-04T12:44:34.667Z", "user": 1, "content_type": 15, "object_id": "24", "object_repr": "LPG 밀폐식", "action_flag": 2, "change_message": "[{\"added\": {\"name\": \"capacity\", \"object\": \"15L\"}}, {\"added\": {\"name\": \"capacity\", \"object\": \"18L\"}}, {\"added\": {\"name\": \"capacity\", \"object\": \"22L\"}}, {\"added\": {\"name\": \"capacity\", \"object\": \"27L\"}}, {\"added\": {\"name\": \"capacity\", \"object\": \"33L\"}}]"}}, {"model": "admin.logentry", "pk": 29, "fields": {"action_time": "2026-06-04T12:45:13.762Z", "user": 1, "content_type": 15, "object_id": "23", "object_repr": "LNG 밀폐식", "action_flag": 2, "change_message": "[{\"added\": {\"name\": \"capacity\", \"object\": \"15L\"}}, {\"added\": {\"name\": \"capacity\", \"object\": \"18L\"}}, {\"added\": {\"name\": \"capacity\", \"object\": \"22L\"}}, {\"added\": {\"name\": \"capacity\", \"object\": \"27L\"}}, {\"added\": {\"name\": \"capacity\", \"object\": \"33L\"}}]"}}, {"model": "admin.logentry", "pk": 30, "fields": {"action_time": "2026-06-04T12:45:44.852Z", "user": 1, "content_type": 15, "object_id": "22", "object_repr": "LPG 개방식", "action_flag": 2, "change_message": "[{\"added\": {\"name\": \"capacity\", \"object\": \"15K\"}}, {\"added\": {\"name\": \"capacity\", \"object\": \"18K\"}}, {\"added\": {\"name\": \"capacity\", \"object\": \"22K\"}}, {\"added\": {\"name\": \"capacity\", \"object\": \"27K\"}}, {\"added\": {\"name\": \"capacity\", \"object\": \"33K\"}}]"}}, {"model": "admin.logentry", "pk": 31, "fields": {"action_time": "2026-06-04T12:46:00.295Z", "user": 1, "content_type": 15, "object_id": "21", "object_repr": "LNG 개방식", "action_flag": 2, "change_message": "[{\"added\": {\"name\": \"capacity\", \"object\": \"15K\"}}, {\"added\": {\"name\": \"capacity\", \"object\": \"18K\"}}, {\"added\": {\"name\": \"capacity\", \"object\": \"22K\"}}, {\"added\": {\"name\": \"capacity\", \"object\": \"27K\"}}, {\"added\": {\"name\": \"capacity\", \"object\": \"33K\"}}]"}}, {"model": "admin.logentry", "pk": 32, "fields": {"action_time": "2026-06-04T12:46:40.694Z", "user": 1, "content_type": 15, "object_id": "20", "object_repr": "LPG 밀폐식", "action_flag": 2, "change_message": "[{\"added\": {\"name\": \"capacity\", \"object\": \"2Se/22LQ\"}}, {\"added\": {\"name\": \"capacity\", \"object\": \"2S/27L\"}}, {\"added\": {\"name\": \"capacity\", \"object\": \"2S+/32L\"}}, {\"added\": {\"name\": \"capacity\", \"object\": \"3S/43L\"}}]"}}, {"model": "admin.logentry", "pk": 33, "fields": {"action_time": "2026-06-04T12:47:05.893Z", "user": 1, "content_type": 15, "object_id": "19", "object_repr": "LNG 밀폐식", "action_flag": 2, "change_message": "[{\"added\": {\"name\": \"capacity\", \"object\": \"2Se/22LQ\"}}, {\"added\": {\"name\": \"capacity\", \"object\": \"2S/27L\"}}, {\"added\": {\"name\": \"capacity\", \"object\": \"2S+/32L\"}}, {\"added\": {\"name\": \"capacity\", \"object\": \"3S/43L\"}}]"}}, {"model": "admin.logentry", "pk": 34, "fields": {"action_time": "2026-06-04T12:47:29.037Z", "user": 1, "content_type": 15, "object_id": "18", "object_repr": "LPG 개방식", "action_flag": 2, "change_message": "[{\"added\": {\"name\": \"capacity\", \"object\": \"2Se/22KQ\"}}, {\"added\": {\"name\": \"capacity\", \"object\": \"2S/27K\"}}, {\"added\": {\"name\": \"capacity\", \"object\": \"2S+/32K\"}}, {\"added\": {\"name\": \"capacity\", \"object\": \"3S/43K\"}}]"}}, {"model": "admin.logentry", "pk": 35, "fields": {"action_time": "2026-06-04T12:47:52.907Z", "user": 1, "content_type": 15, "object_id": "17", "object_repr": "LNG 개방식", "action_flag": 2, "change_message": "[{\"added\": {\"name\": \"capacity\", \"object\": \"2Se/22KQ\"}}, {\"added\": {\"name\": \"capacity\", \"object\": \"2S/27K\"}}, {\"added\": {\"name\": \"capacity\", \"object\": \"2S+/32K\"}}, {\"added\": {\"name\": \"capacity\", \"object\": \"3S/43K\"}}]"}}, {"model": "admin.logentry", "pk": 36, "fields": {"action_time": "2026-06-04T12:48:17.663Z", "user": 1, "content_type": 15, "object_id": "13", "object_repr": "LNG 개방식", "action_flag": 2, "change_message": "[{\"added\": {\"name\": \"capacity\", \"object\": \"2Se/22KQ\"}}, {\"added\": {\"name\": \"capacity\", \"object\": \"2S/27K\"}}, {\"added\": {\"name\": \"capacity\", \"object\": \"2S+/32K\"}}, {\"added\": {\"name\": \"capacity\", \"object\": \"3S/43K\"}}]"}}, {"model": "admin.logentry", "pk": 37, "fields": {"action_time": "2026-06-04T12:48:41.945Z", "user": 1, "content_type": 15, "object_id": "14", "object_repr": "LPG 개방식", "action_flag": 2, "change_message": "[{\"added\": {\"name\": \"capacity\", \"object\": \"2Se/22KQ\"}}, {\"added\": {\"name\": \"capacity\", \"object\": \"2S/27K\"}}, {\"added\": {\"name\": \"capacity\", \"object\": \"2S+/32K\"}}, {\"added\": {\"name\": \"capacity\", \"object\": \"3S/43K\"}}]"}}, {"model": "admin.logentry", "pk": 38, "fields": {"action_time": "2026-06-04T12:49:11.645Z", "user": 1, "content_type": 15, "object_id": "16", "object_repr": "LPG 밀폐식", "action_flag": 2, "change_message": "[{\"added\": {\"name\": \"capacity\", \"object\": \"2Se/22LQ\"}}, {\"added\": {\"name\": \"capacity\", \"object\": \"2S/27L\"}}, {\"added\": {\"name\": \"capacity\", \"object\": \"2S+/32L\"}}, {\"added\": {\"name\": \"capacity\", \"object\": \"3S/43L\"}}]"}}, {"model": "admin.logentry", "pk": 39, "fields": {"action_time": "2026-06-04T12:49:48.683Z", "user": 1, "content_type": 15, "object_id": "15", "object_repr": "LNG 밀폐식", "action_flag": 2, "change_message": "[{\"added\": {\"name\": \"capacity\", \"object\": \"2Se/22LQ\"}}, {\"added\": {\"name\": \"capacity\", \"object\": \"2S/27L\"}}, {\"added\": {\"name\": \"capacity\", \"object\": \"2S+/32L\"}}, {\"added\": {\"name\": \"capacity\", \"object\": \"3S/43L\"}}]"}}, {"model": "admin.logentry", "pk": 40, "fields": {"action_time": "2026-06-04T12:50:54.862Z", "user": 1, "content_type": 7, "object_id": "3", "object_repr": "전기 보일러", "action_flag": 1, "change_message": "[{\"added\": {}}, {\"added\": {\"name\": \"product\", \"object\": \"\\uc21c\\uac04\\uc2dd \\uc804\\uae30\\ubcf4\\uc77c\\ub7ec\"}}]"}}, {"model": "admin.logentry", "pk": 41, "fields": {"action_time": "2026-06-04T12:52:12.657Z", "user": 1, "content_type": 12, "object_id": "7", "object_repr": "EQB550", "action_flag": 1, "change_message": "[{\"added\": {}}, {\"added\": {\"name\": \"image\", \"object\": \"products/image/\\u1109\\u116e\\u11ab\\u1100\\u1161\\u11ab\\u1109\\u1175\\u11a8\\u110c\\u1165\\u11ab\\u1100\\u1175\\u1107\\u1169\\u110b\\u1175\\u11af\\u1105\\u1165.png\"}}, {\"added\": {\"name\": \"type\", \"object\": \"\\ub2e8\\uc0c1\"}}, {\"added\": {\"name\": \"type\", \"object\": \"\\uc0bc\\uc0c1\"}}]"}}, {"model": "admin.logentry", "pk": 42, "fields": {"action_time": "2026-06-04T12:52:49.969Z", "user": 1, "content_type": 15, "object_id": "25", "object_repr": "단상", "action_flag": 2, "change_message": "[{\"added\": {\"name\": \"capacity\", \"object\": \"8K\"}}, {\"added\": {\"name\": \"capacity\", \"object\": \"12K\"}}, {\"added\": {\"name\": \"capacity\", \"object\": \"15K\"}}, {\"added\": {\"name\": \"capacity\", \"object\": \"18K\"}}, {\"added\": {\"name\": \"capacity\", \"object\": \"21K\"}}, {\"added\": {\"name\": \"capacity\", \"object\": \"24K\"}}]"}}, {"model": "admin.logentry", "pk": 43, "fields": {"action_time": "2026-06-04T12:53:07.273Z", "user": 1, "content_type": 15, "object_id": "26", "object_repr": "삼상", "action_flag": 2, "change_message": "[{\"added\": {\"name\": \"capacity\", \"object\": \"15K\"}}, {\"added\": {\"name\": \"capacity\", \"object\": \"18K\"}}, {\"added\": {\"name\": \"capacity\", \"object\": \"21K\"}}, {\"added\": {\"name\": \"capacity\", \"object\": \"24K\"}}]"}}, {"model": "admin.logentry", "pk": 44, "fields": {"action_time": "2026-06-04T12:53:56.434Z", "user": 1, "content_type": 7, "object_id": "4", "object_repr": "기름 보일러", "action_flag": 1, "change_message": "[{\"added\": {}}, {\"added\": {\"name\": \"product\", \"object\": \"\\uc2a4\\ud150 \\uae30\\ub984 \\ubcf4\\uc77c\\ub7ec\"}}, {\"added\": {\"name\": \"product\", \"object\": \"\\uce5c\\ud658\\uacbd \\ubcf4\\uc77c\\ub7ec\"}}, {\"added\": {\"name\": \"product\", \"object\": \"\\uc628\\uc218 \\uc804\\uc6a9\"}}, {\"added\": {\"name\": \"product\", \"object\": \"\\ucf58\\ub374\\uc2f1 \\uae30\\ub984 \\ubcf4\\uc77c\\ub7ec\"}}]"}}, {"model": "admin.logentry", "pk": 45, "fields": {"action_time": "2026-06-04T12:55:34.963Z", "user": 1, "content_type": 12, "object_id": "8", "object_repr": "LST", "action_flag": 1, "change_message": "[{\"added\": {}}, {\"added\": {\"name\": \"image\", \"object\": \"products/image/\\u1109\\u1173\\u1110\\u1166\\u110b\\u1175\\u11ab\\u1105\\u1175\\u1109\\u1173\\u110b\\u1175\\u11af\\u1107\\u1161\\u11ab\\u1100\\u1175\\u1105\\u1173\\u11b7\\u1107\\u1169\\u110b\\u1175\\u11af\\u1105\\u1165\\u110b\\u1175\\u11af\\u1107\\u1161\\u11ab\\u1112\\u1167\\u11bc.png\"}}, {\"added\": {\"name\": \"type\", \"object\": \"\\uc678\\uc7a5\\ud615\"}}, {\"added\": {\"name\": \"type\", \"object\": \"\\ub0b4\\uc7a5\\ud615 (\\ubd84\\ubc30\\uae30 O)\"}}, {\"added\": {\"name\": \"type\", \"object\": \"\\ub0b4\\uc7a5\\ud615 (\\ubd84\\ubc30\\uae30 X)\"}}]"}}, {"model": "admin.logentry", "pk": 46, "fields": {"action_time": "2026-06-04T12:56:03.499Z", "user": 1, "content_type": 15, "object_id": "27", "object_repr": "외장형", "action_flag": 2, "change_message": "[{\"added\": {\"name\": \"capacity\", \"object\": \"13K\"}}, {\"added\": {\"name\": \"capacity\", \"object\": \"17K\"}}, {\"added\": {\"name\": \"capacity\", \"object\": \"20K\"}}, {\"added\": {\"name\": \"capacity\", \"object\": \"25K\"}}, {\"added\": {\"name\": \"capacity\", \"object\": \"30K\"}}, {\"added\": {\"name\": \"capacity\", \"object\": \"35K\"}}]"}}, {"model": "admin.logentry", "pk": 47, "fields": {"action_time": "2026-06-04T12:56:21.632Z", "user": 1, "content_type": 15, "object_id": "28", "object_repr": "내장형 (분배기 O)", "action_flag": 2, "change_message": "[{\"added\": {\"name\": \"capacity\", \"object\": \"13KD\"}}, {\"added\": {\"name\": \"capacity\", \"object\": \"17KD\"}}, {\"added\": {\"name\": \"capacity\", \"object\": \"20KD\"}}, {\"added\": {\"name\": \"capacity\", \"object\": \"25KD\"}}]"}}, {"model": "admin.logentry", "pk": 48, "fields": {"action_time": "2026-06-04T12:56:42.373Z", "user": 1, "content_type": 15, "object_id": "29", "object_repr": "내장형 (분배기 X)", "action_flag": 2, "change_message": "[{\"added\": {\"name\": \"capacity\", \"object\": \"13KC\"}}, {\"added\": {\"name\": \"capacity\", \"object\": \"17KC\"}}, {\"added\": {\"name\": \"capacity\", \"object\": \"20KC\"}}, {\"added\": {\"name\": \"capacity\", \"object\": \"25KC\"}}]"}}, {"model": "admin.logentry", "pk": 49, "fields": {"action_time": "2026-06-04T12:57:15.110Z", "user": 1, "content_type": 12, "object_id": "9", "object_repr": "LGB552", "action_flag": 1, "change_message": "[{\"added\": {}}, {\"added\": {\"name\": \"type\", \"object\": \"\\uc678\\uc7a5\\ud615\"}}, {\"added\": {\"name\": \"type\", \"object\": \"\\ub0b4\\uc7a5\\ud615 (\\ubd84\\ubc30\\uae30 O)\"}}, {\"added\": {\"name\": \"type\", \"object\": \"\\ub0b4\\uc7a5\\ud615 (\\ubd84\\ubc30\\uae30 X)\"}}]"}}, {"model": "admin.logentry", "pk": 50, "fields": {"action_time": "2026-06-04T12:57:42.883Z", "user": 1, "content_type": 15, "object_id": "30", "object_repr": "외장형", "action_flag": 2, "change_message": "[{\"added\": {\"name\": \"capacity\", \"object\": \"13RC\"}}, {\"added\": {\"name\": \"capacity\", \"object\": \"17RC\"}}, {\"added\": {\"name\": \"capacity\", \"object\": \"20RC\"}}, {\"added\": {\"name\": \"capacity\", \"object\": \"25RC\"}}, {\"added\": {\"name\": \"capacity\", \"object\": \"30RC\"}}, {\"added\": {\"name\": \"capacity\", \"object\": \"35RC\"}}]"}}, {"model": "admin.logentry", "pk": 51, "fields": {"action_time": "2026-06-04T12:58:05.319Z", "user": 1, "content_type": 15, "object_id": "31", "object_repr": "내장형 (분배기 O)", "action_flag": 2, "change_message": "[{\"added\": {\"name\": \"capacity\", \"object\": \"13KD\"}}, {\"added\": {\"name\": \"capacity\", \"object\": \"17KD\"}}, {\"added\": {\"name\": \"capacity\", \"object\": \"20KD\"}}, {\"added\": {\"name\": \"capacity\", \"object\": \"25KD\"}}]"}}, {"model": "admin.logentry", "pk": 52, "fields": {"action_time": "2026-06-04T12:58:21.036Z", "user": 1, "content_type": 15, "object_id": "32", "object_repr": "내장형 (분배기 X)", "action_flag": 2, "change_message": "[{\"added\": {\"name\": \"capacity\", \"object\": \"13KC\"}}, {\"added\": {\"name\": \"capacity\", \"object\": \"17KC\"}}, {\"added\": {\"name\": \"capacity\", \"object\": \"20KC\"}}, {\"added\": {\"name\": \"capacity\", \"object\": \"25KC\"}}]"}}, {"model": "admin.logentry", "pk": 53, "fields": {"action_time": "2026-06-04T12:58:47.531Z", "user": 1, "content_type": 12, "object_id": "10", "object_repr": "LSW", "action_flag": 1, "change_message": "[{\"added\": {}}]"}}, {"model": "admin.logentry", "pk": 54, "fields": {"action_time": "2026-06-04T12:59:07.686Z", "user": 1, "content_type": 12, "object_id": "10", "object_repr": "LSW", "action_flag": 2, "change_message": "[]"}}, {"model": "admin.logentry", "pk": 55, "fields": {"action_time": "2026-06-04T13:00:14.319Z", "user": 1, "content_type": 12, "object_id": "11", "object_repr": "LFB550", "action_flag": 1, "change_message": "[{\"added\": {}}]"}}, {"model": "admin.logentry", "pk": 56, "fields": {"action_time": "2026-06-04T13:00:46.753Z", "user": 1, "content_type": 7, "object_id": "5", "object_repr": "일반 가스 온수기", "action_flag": 1, "change_message": "[{\"added\": {}}]"}}, {"model": "admin.logentry", "pk": 57, "fields": {"action_time": "2026-06-04T13:01:02.474Z", "user": 1, "content_type": 7, "object_id": "6", "object_repr": "전기 온수기", "action_flag": 1, "change_message": "[{\"added\": {}}]"}}, {"model": "admin.logentry", "pk": 58, "fields": {"action_time": "2026-06-04T13:01:09.905Z", "user": 1, "content_type": 7, "object_id": "7", "object_repr": "대형 전기 온수기", "action_flag": 1, "change_message": "[{\"added\": {}}]"}}, {"model": "admin.logentry", "pk": 59, "fields": {"action_time": "2026-06-04T13:02:44.415Z", "user": 1, "content_type": 7, "object_id": "7", "object_repr": "대형 전기 온수기", "action_flag": 3, "change_message": ""}}, {"model": "admin.logentry", "pk": 60, "fields": {"action_time": "2026-06-04T13:03:03.336Z", "user": 1, "content_type": 8, "object_id": "9", "object_repr": "일반 가스 온수기", "action_flag": 1, "change_message": "[{\"added\": {}}]"}}, {"model": "admin.logentry", "pk": 61, "fields": {"action_time": "2026-06-04T13:03:57.256Z", "user": 1, "content_type": 12, "object_id": "12", "object_repr": "NGW550 (LNG)", "action_flag": 1, "change_message": "[{\"added\": {}}, {\"added\": {\"name\": \"image\", \"object\": \"products/image/NGW550.png\"}}, {\"added\": {\"name\": \"type\", \"object\": \"8L\"}}, {\"added\": {\"name\": \"type\", \"object\": \"10L\"}}, {\"added\": {\"name\": \"type\", \"object\": \"14L\"}}, {\"added\": {\"name\": \"type\", \"object\": \"18L\"}}]"}}, {"model": "admin.logentry", "pk": 62, "fields": {"action_time": "2026-06-04T13:04:27.148Z", "user": 1, "content_type": 12, "object_id": "13", "object_repr": "NGW550 (LPG)", "action_flag": 1, "change_message": "[{\"added\": {}}, {\"added\": {\"name\": \"image\", \"object\": \"products/image/NGW550_fjulAi1.png\"}}, {\"added\": {\"name\": \"type\", \"object\": \"8L\"}}, {\"added\": {\"name\": \"type\", \"object\": \"10L\"}}, {\"added\": {\"name\": \"type\", \"object\": \"14L\"}}, {\"added\": {\"name\": \"type\", \"object\": \"18L\"}}]"}}, {"model": "admin.logentry", "pk": 63, "fields": {"action_time": "2026-06-04T13:04:52.037Z", "user": 1, "content_type": 15, "object_id": "33", "object_repr": "8L", "action_flag": 2, "change_message": "[{\"added\": {\"name\": \"capacity\", \"object\": \"12,000 kcal/h\"}}]"}}, {"model": "admin.logentry", "pk": 64, "fields": {"action_time": "2026-06-04T13:05:01.757Z", "user": 1, "content_type": 15, "object_id": "34", "object_repr": "10L", "action_flag": 2, "change_message": "[{\"added\": {\"name\": \"capacity\", \"object\": \"15,000 kcal/h\"}}]"}}, {"model": "admin.logentry", "pk": 65, "fields": {"action_time": "2026-06-04T13:05:11.665Z", "user": 1, "content_type": 15, "object_id": "35", "object_repr": "14L", "action_flag": 2, "change_message": "[{\"added\": {\"name\": \"capacity\", \"object\": \"21,000 kcal/h\"}}]"}}, {"model": "admin.logentry", "pk": 66, "fields": {"action_time": "2026-06-04T13:05:19.586Z", "user": 1, "content_type": 15, "object_id": "36", "object_repr": "18L", "action_flag": 2, "change_message": "[{\"added\": {\"name\": \"capacity\", \"object\": \"27,000 kcal/h\"}}]"}}, {"model": "admin.logentry", "pk": 67, "fields": {"action_time": "2026-06-04T13:05:28.678Z", "user": 1, "content_type": 15, "object_id": "37", "object_repr": "8L", "action_flag": 2, "change_message": "[{\"added\": {\"name\": \"capacity\", \"object\": \"12,000 kcal/h\"}}]"}}, {"model": "admin.logentry", "pk": 68, "fields": {"action_time": "2026-06-04T13:05:36.812Z", "user": 1, "content_type": 15, "object_id": "38", "object_repr": "10L", "action_flag": 2, "change_message": "[{\"added\": {\"name\": \"capacity\", \"object\": \"15,000 kcal/h\"}}]"}}, {"model": "admin.logentry", "pk": 69, "fields": {"action_time": "2026-06-04T13:05:43.893Z", "user": 1, "content_type": 15, "object_id": "39", "object_repr": "14L", "action_flag": 2, "change_message": "[{\"added\": {\"name\": \"capacity\", \"object\": \"21,000 kcal/h\"}}]"}}, {"model": "admin.logentry", "pk": 70, "fields": {"action_time": "2026-06-04T13:05:52.936Z", "user": 1, "content_type": 15, "object_id": "40", "object_repr": "18L", "action_flag": 2, "change_message": "[{\"added\": {\"name\": \"capacity\", \"object\": \"27,000 kcal/h\"}}]"}}, {"model": "admin.logentry", "pk": 71, "fields": {"action_time": "2026-06-04T13:06:26.347Z", "user": 1, "content_type": 8, "object_id": "10", "object_repr": "전기 온수기", "action_flag": 1, "change_message": "[{\"added\": {}}]"}}, {"model": "admin.logentry", "pk": 72, "fields": {"action_time": "2026-06-04T13:08:57.877Z", "user": 1, "content_type": 12, "object_id": "14", "object_repr": "ESW550 (스텐)", "action_flag": 1, "change_message": "[{\"added\": {}}, {\"added\": {\"name\": \"image\", \"object\": \"products/image/ESW550_-\\u1109\\u1166\\u1105\\u1169.png\"}}, {\"added\": {\"name\": \"type\", \"object\": \"15W (\\ud558\\ud5a5\\uc2dd)\"}}, {\"added\": {\"name\": \"type\", \"object\": \"15U (\\uc0c1\\ud5a5\\uc2dd)\"}}, {\"added\": {\"name\": \"type\", \"object\": \"30W (\\ud558\\ud5a5\\uc2dd)\"}}, {\"added\": {\"name\": \"type\", \"object\": \"30U (\\uc0c1\\ud5a5\\uc2dd)\"}}, {\"added\": {\"name\": \"type\", \"object\": \"50WH (\\uac00\\ub85c\\ud615)\"}}, {\"added\": {\"name\": \"type\", \"object\": \"50WV (\\uc138\\ub85c\\ud615)\"}}]"}}, {"model": "admin.logentry", "pk": 73, "fields": {"action_time": "2026-06-04T13:09:12.410Z", "user": 1, "content_type": 15, "object_id": "41", "object_repr": "15W (하향식)", "action_flag": 2, "change_message": "[{\"added\": {\"name\": \"capacity\", \"object\": \"15L\"}}]"}}, {"model": "admin.logentry", "pk": 74, "fields": {"action_time": "2026-06-04T13:09:22.756Z", "user": 1, "content_type": 15, "object_id": "42", "object_repr": "15U (상향식)", "action_flag": 2, "change_message": "[{\"added\": {\"name\": \"capacity\", \"object\": \"15L\"}}]"}}, {"model": "admin.logentry", "pk": 75, "fields": {"action_time": "2026-06-04T13:09:31.135Z", "user": 1, "content_type": 15, "object_id": "43", "object_repr": "30W (하향식)", "action_flag": 2, "change_message": "[{\"added\": {\"name\": \"capacity\", \"object\": \"30L\"}}]"}}, {"model": "admin.logentry", "pk": 76, "fields": {"action_time": "2026-06-04T13:09:36.235Z", "user": 1, "content_type": 15, "object_id": "44", "object_repr": "30U (상향식)", "action_flag": 2, "change_message": "[{\"added\": {\"name\": \"capacity\", \"object\": \"30L\"}}]"}}, {"model": "admin.logentry", "pk": 77, "fields": {"action_time": "2026-06-04T13:09:43.387Z", "user": 1, "content_type": 15, "object_id": "45", "object_repr": "50WH (가로형)", "action_flag": 2, "change_message": "[{\"added\": {\"name\": \"capacity\", \"object\": \"50L\"}}]"}}, {"model": "admin.logentry", "pk": 78, "fields": {"action_time": "2026-06-04T13:09:48.494Z", "user": 1, "content_type": 15, "object_id": "46", "object_repr": "50WV (세로형)", "action_flag": 2, "change_message": "[{\"added\": {\"name\": \"capacity\", \"object\": \"50L\"}}]"}}, {"model": "admin.logentry", "pk": 79, "fields": {"action_time": "2026-06-04T13:11:46.314Z", "user": 1, "content_type": 12, "object_id": "15", "object_repr": "ESW350 (법랑)", "action_flag": 1, "change_message": "[{\"added\": {}}, {\"added\": {\"name\": \"type\", \"object\": \"15W (\\ud558\\ud5a5\\uc2dd)\"}}, {\"added\": {\"name\": \"type\", \"object\": \"15U (\\uc0c1\\ud5a5\\uc2dd)\"}}, {\"added\": {\"name\": \"type\", \"object\": \"30W (\\ud558\\ud5a5\\uc2dd)\"}}, {\"added\": {\"name\": \"type\", \"object\": \"30U (\\uc0c1\\ud5a5\\uc2dd)\"}}, {\"added\": {\"name\": \"type\", \"object\": \"50WH (\\uac00\\ub85c\\ud615)\"}}, {\"added\": {\"name\": \"type\", \"object\": \"80WV (\\uc138\\ub85c\\ud615)\"}}, {\"added\": {\"name\": \"type\", \"object\": \"100WV (\\uc138\\ub85c\\ud615)\"}}, {\"added\": {\"name\": \"type\", \"object\": \"50WV (\\uc138\\ub85c\\ud615)\"}}]"}}, {"model": "admin.logentry", "pk": 80, "fields": {"action_time": "2026-06-04T13:11:56.686Z", "user": 1, "content_type": 15, "object_id": "47", "object_repr": "15W (하향식)", "action_flag": 2, "change_message": "[{\"added\": {\"name\": \"capacity\", \"object\": \"15L\"}}]"}}, {"model": "admin.logentry", "pk": 81, "fields": {"action_time": "2026-06-04T13:12:05.242Z", "user": 1, "content_type": 15, "object_id": "48", "object_repr": "15U (상향식)", "action_flag": 2, "change_message": "[{\"added\": {\"name\": \"capacity\", \"object\": \"15L\"}}]"}}, {"model": "admin.logentry", "pk": 82, "fields": {"action_time": "2026-06-04T13:12:12.382Z", "user": 1, "content_type": 15, "object_id": "49", "object_repr": "30W (하향식)", "action_flag": 2, "change_message": "[{\"added\": {\"name\": \"capacity\", \"object\": \"30L\"}}]"}}, {"model": "admin.logentry", "pk": 83, "fields": {"action_time": "2026-06-04T13:12:17.966Z", "user": 1, "content_type": 15, "object_id": "50", "object_repr": "30U (상향식)", "action_flag": 2, "change_message": "[{\"added\": {\"name\": \"capacity\", \"object\": \"30L\"}}]"}}, {"model": "admin.logentry", "pk": 84, "fields": {"action_time": "2026-06-04T13:12:28.621Z", "user": 1, "content_type": 15, "object_id": "51", "object_repr": "50WH (가로형)", "action_flag": 2, "change_message": "[{\"added\": {\"name\": \"capacity\", \"object\": \"50L\"}}]"}}, {"model": "admin.logentry", "pk": 85, "fields": {"action_time": "2026-06-04T13:12:37.546Z", "user": 1, "content_type": 15, "object_id": "52", "object_repr": "80WV (세로형)", "action_flag": 2, "change_message": "[{\"added\": {\"name\": \"capacity\", \"object\": \"80L\"}}]"}}, {"model": "admin.logentry", "pk": 86, "fields": {"action_time": "2026-06-04T13:12:45.592Z", "user": 1, "content_type": 15, "object_id": "53", "object_repr": "100WV (세로형)", "action_flag": 2, "change_message": "[{\"added\": {\"name\": \"capacity\", \"object\": \"100L\"}}]"}}, {"model": "admin.logentry", "pk": 87, "fields": {"action_time": "2026-06-04T13:12:50.868Z", "user": 1, "content_type": 15, "object_id": "54", "object_repr": "50WV (세로형)", "action_flag": 2, "change_message": "[{\"added\": {\"name\": \"capacity\", \"object\": \"50L\"}}]"}}, {"model": "admin.logentry", "pk": 88, "fields": {"action_time": "2026-06-04T13:14:00.091Z", "user": 1, "content_type": 12, "object_id": "16", "object_repr": "ESW350-FS (바닥형, 법랑)", "action_flag": 1, "change_message": "[{\"added\": {}}, {\"added\": {\"name\": \"image\", \"object\": \"products/image/ESW350_\\u1107\\u1161\\u1103\\u1161\\u11a8_50.png\"}}, {\"added\": {\"name\": \"type\", \"object\": \"50FS\"}}, {\"added\": {\"name\": \"type\", \"object\": \"100FS\"}}]"}}, {"model": "admin.logentry", "pk": 89, "fields": {"action_time": "2026-06-04T13:14:11.482Z", "user": 1, "content_type": 15, "object_id": "55", "object_repr": "50FS", "action_flag": 2, "change_message": "[{\"added\": {\"name\": \"capacity\", \"object\": \"50L\"}}]"}}, {"model": "admin.logentry", "pk": 90, "fields": {"action_time": "2026-06-04T13:14:17.462Z", "user": 1, "content_type": 15, "object_id": "56", "object_repr": "100FS", "action_flag": 2, "change_message": "[{\"added\": {\"name\": \"capacity\", \"object\": \"100L\"}}]"}}, {"model": "admin.logentry", "pk": 91, "fields": {"action_time": "2026-06-04T13:14:31.122Z", "user": 1, "content_type": 15, "object_id": "55", "object_repr": "50FS (바닥형)", "action_flag": 2, "change_message": "[{\"changed\": {\"fields\": [\"\\uc720\\ud615\"]}}]"}}, {"model": "admin.logentry", "pk": 92, "fields": {"action_time": "2026-06-04T13:14:36.805Z", "user": 1, "content_type": 15, "object_id": "56", "object_repr": "100FS (바닥형)", "action_flag": 2, "change_message": "[{\"changed\": {\"fields\": [\"\\uc720\\ud615\"]}}]"}}, {"model": "admin.logentry", "pk": 93, "fields": {"action_time": "2026-06-04T13:15:26.743Z", "user": 1, "content_type": 8, "object_id": "11", "object_repr": "대형 전기 온수기", "action_flag": 1, "change_message": "[{\"added\": {}}]"}}, {"model": "admin.logentry", "pk": 94, "fields": {"action_time": "2026-06-04T13:16:09.114Z", "user": 1, "content_type": 12, "object_id": "17", "object_repr": "일반 전기 온수기 (EEW)", "action_flag": 1, "change_message": "[{\"added\": {}}, {\"added\": {\"name\": \"image\", \"object\": \"products/image/EEW.png\"}}, {\"added\": {\"name\": \"type\", \"object\": \"14D\"}}, {\"added\": {\"name\": \"type\", \"object\": \"24D\"}}, {\"added\": {\"name\": \"type\", \"object\": \"34D\"}}, {\"added\": {\"name\": \"type\", \"object\": \"44D\"}}]"}}, {"model": "admin.logentry", "pk": 95, "fields": {"action_time": "2026-06-04T13:16:27.031Z", "user": 1, "content_type": 15, "object_id": "57", "object_repr": "14D", "action_flag": 2, "change_message": "[{\"added\": {\"name\": \"capacity\", \"object\": \"140L\"}}, {\"added\": {\"name\": \"capacity\", \"object\": \"240L\"}}, {\"added\": {\"name\": \"capacity\", \"object\": \"340L\"}}, {\"added\": {\"name\": \"capacity\", \"object\": \"440L\"}}]"}}, {"model": "admin.logentry", "pk": 96, "fields": {"action_time": "2026-06-04T13:17:04.482Z", "user": 1, "content_type": 12, "object_id": "18", "object_repr": "심야 전기 온수기 (MEW)", "action_flag": 1, "change_message": "[{\"added\": {}}, {\"added\": {\"name\": \"image\", \"object\": \"products/image/MEW_nyI1LZV.png\"}}, {\"added\": {\"name\": \"type\", \"object\": \"14D\"}}, {\"added\": {\"name\": \"type\", \"object\": \"24D\"}}, {\"added\": {\"name\": \"type\", \"object\": \"34D\"}}, {\"added\": {\"name\": \"type\", \"object\": \"44D\"}}]"}}, {"model": "admin.logentry", "pk": 97, "fields": {"action_time": "2026-06-04T13:17:11.663Z", "user": 1, "content_type": 15, "object_id": "61", "object_repr": "14D", "action_flag": 2, "change_message": "[{\"added\": {\"name\": \"capacity\", \"object\": \"140L\"}}]"}}, {"model": "admin.logentry", "pk": 98, "fields": {"action_time": "2026-06-04T13:17:17.654Z", "user": 1, "content_type": 15, "object_id": "62", "object_repr": "24D", "action_flag": 2, "change_message": "[{\"added\": {\"name\": \"capacity\", \"object\": \"240L\"}}]"}}, {"model": "admin.logentry", "pk": 99, "fields": {"action_time": "2026-06-04T13:17:22.762Z", "user": 1, "content_type": 15, "object_id": "63", "object_repr": "34D", "action_flag": 2, "change_message": "[{\"added\": {\"name\": \"capacity\", \"object\": \"340L\"}}]"}}, {"model": "admin.logentry", "pk": 100, "fields": {"action_time": "2026-06-04T13:17:29.446Z", "user": 1, "content_type": 15, "object_id": "64", "object_repr": "44D", "action_flag": 2, "change_message": "[{\"added\": {\"name\": \"capacity\", \"object\": \"440L\"}}]"}}, {"model": "admin.logentry", "pk": 101, "fields": {"action_time": "2026-06-04T13:17:53.017Z", "user": 1, "content_type": 10, "object_id": "3", "object_repr": "안심 숙면 매트", "action_flag": 1, "change_message": "[{\"added\": {}}, {\"added\": {\"name\": \"category\", \"object\": \"\\uc548\\uc2ec \\uc219\\uba74 \\ub9e4\\ud2b8\"}}]"}}, {"model": "admin.logentry", "pk": 102, "fields": {"action_time": "2026-06-04T13:18:09.937Z", "user": 1, "content_type": 7, "object_id": "8", "object_repr": "안심 숙면 매트", "action_flag": 2, "change_message": "[{\"added\": {\"name\": \"product\", \"object\": \"\\uc628\\uc218 \\ub9e4\\ud2b8\"}}, {\"added\": {\"name\": \"product\", \"object\": \"\\uc804\\uae30 \\ub9e4\\ud2b8\"}}, {\"added\": {\"name\": \"product\", \"object\": \"\\uc0ac\\uacc4\\uc808 \\ub9e4\\ud2b8\"}}]"}}, {"model": "admin.logentry", "pk": 103, "fields": {"action_time": "2026-06-04T13:18:44.960Z", "user": 1, "content_type": 8, "object_id": "12", "object_repr": "온수 매트", "action_flag": 2, "change_message": "[{\"added\": {\"name\": \"model\", \"object\": \"EQM352\"}}, {\"added\": {\"name\": \"model\", \"object\": \"EMW521\"}}, {\"added\": {\"name\": \"model\", \"object\": \"EMW751\"}}]"}}, {"model": "admin.logentry", "pk": 104, "fields": {"action_time": "2026-06-04T13:20:12.152Z", "user": 1, "content_type": 12, "object_id": "19", "object_repr": "EQM352", "action_flag": 2, "change_message": "[{\"added\": {\"name\": \"type\", \"object\": \"\\ud038(Q) / \\ucfe0\\uc158\\ud615\"}}, {\"added\": {\"name\": \"type\", \"object\": \"\\ud038(Q) / \\uc2ac\\ub9bc\\ud615\"}}, {\"added\": {\"name\": \"type\", \"object\": \"\\uc2f1\\uae00(S) / \\ucfe0\\uc158\\ud615\"}}, {\"added\": {\"name\": \"type\", \"object\": \"\\uc2f1\\uae00(S) / \\uc2ac\\ub9bc\\ud615\"}}]"}}, {"model": "admin.logentry", "pk": 105, "fields": {"action_time": "2026-06-04T13:20:40.732Z", "user": 1, "content_type": 12, "object_id": "20", "object_repr": "EMW521", "action_flag": 2, "change_message": "[{\"added\": {\"name\": \"type\", \"object\": \"\\ud0b9(K)/\\uc2ac\\ub9bc\\ud615\"}}, {\"added\": {\"name\": \"type\", \"object\": \"\\ud038(Q)/\\uc2ac\\ub9bc\\ud615\"}}, {\"added\": {\"name\": \"type\", \"object\": \"\\uc2f1\\uae00(S)/\\uc2ac\\ub9bc\\ud615\"}}]"}}, {"model": "admin.logentry", "pk": 106, "fields": {"action_time": "2026-06-04T13:20:57.513Z", "user": 1, "content_type": 12, "object_id": "19", "object_repr": "EQM352", "action_flag": 2, "change_message": "[{\"changed\": {\"name\": \"type\", \"object\": \"\\ud038(Q)/\\ucfe0\\uc158\\ud615\", \"fields\": [\"\\uc720\\ud615\"]}}, {\"changed\": {\"name\": \"type\", \"object\": \"\\ud038(Q)/\\uc2ac\\ub9bc\\ud615\", \"fields\": [\"\\uc720\\ud615\"]}}, {\"changed\": {\"name\": \"type\", \"object\": \"\\uc2f1\\uae00(S)/\\ucfe0\\uc158\\ud615\", \"fields\": [\"\\uc720\\ud615\"]}}, {\"changed\": {\"name\": \"type\", \"object\": \"\\uc2f1\\uae00(S)/\\uc2ac\\ub9bc\\ud615\", \"fields\": [\"\\uc720\\ud615\"]}}]"}}, {"model": "admin.logentry", "pk": 107, "fields": {"action_time": "2026-06-04T13:21:14.253Z", "user": 1, "content_type": 12, "object_id": "21", "object_repr": "EMW751", "action_flag": 2, "change_message": "[{\"added\": {\"name\": \"type\", \"object\": \"\\ud0b9(K))/\\uc2ac\\ub9bc\\ud615\"}}, {\"added\": {\"name\": \"type\", \"object\": \"\\ud038(Q)/\\uc2ac\\ub9bc\\ud615\"}}, {\"added\": {\"name\": \"type\", \"object\": \"\\uc2f1\\uae00(S)/\\uc2ac\\ub9bc\\ud615\"}}]"}}, {"model": "admin.logentry", "pk": 108, "fields": {"action_time": "2026-06-04T13:21:39.363Z", "user": 1, "content_type": 8, "object_id": "13", "object_repr": "전기 매트", "action_flag": 2, "change_message": "[{\"added\": {\"name\": \"model\", \"object\": \"EME551D\"}}, {\"added\": {\"name\": \"model\", \"object\": \"EME510\"}}, {\"added\": {\"name\": \"model\", \"object\": \"EME520\"}}]"}}, {"model": "admin.logentry", "pk": 109, "fields": {"action_time": "2026-06-04T13:21:59.884Z", "user": 1, "content_type": 12, "object_id": "22", "object_repr": "EME551D", "action_flag": 2, "change_message": "[{\"added\": {\"name\": \"type\", \"object\": \"Comforter / \\ud0b9(King)\"}}, {\"added\": {\"name\": \"type\", \"object\": \"Comforter / \\ud038(Queen)\"}}, {\"added\": {\"name\": \"type\", \"object\": \"Comforter / \\uc2f1\\uae00(Single)\"}}]"}}, {"model": "admin.logentry", "pk": 110, "fields": {"action_time": "2026-06-04T13:22:11.055Z", "user": 1, "content_type": 12, "object_id": "23", "object_repr": "EME510", "action_flag": 2, "change_message": "[{\"added\": {\"name\": \"type\", \"object\": \"Pad / \\ud038(Queen)\"}}, {\"added\": {\"name\": \"type\", \"object\": \"Pad / \\uc2f1\\uae00(Single)\"}}]"}}, {"model": "admin.logentry", "pk": 111, "fields": {"action_time": "2026-06-04T13:22:24.990Z", "user": 1, "content_type": 12, "object_id": "24", "object_repr": "EME520", "action_flag": 2, "change_message": "[{\"added\": {\"name\": \"type\", \"object\": \"Pad / \\ud0b9(King)\"}}, {\"added\": {\"name\": \"type\", \"object\": \"Pad / \\ud038(Queen)\"}}, {\"added\": {\"name\": \"type\", \"object\": \"Pad / \\uc2f1\\uae00(Single)\"}}]"}}, {"model": "admin.logentry", "pk": 112, "fields": {"action_time": "2026-06-04T13:22:38.712Z", "user": 1, "content_type": 8, "object_id": "14", "object_repr": "사계절 매트", "action_flag": 2, "change_message": "[{\"added\": {\"name\": \"model\", \"object\": \"EMF501\"}}]"}}, {"model": "admin.logentry", "pk": 113, "fields": {"action_time": "2026-06-04T13:22:59.507Z", "user": 1, "content_type": 12, "object_id": "25", "object_repr": "EMF501", "action_flag": 2, "change_message": "[{\"added\": {\"name\": \"type\", \"object\": \"\\uc2ac\\ub9bc / \\ud0b9\"}}, {\"added\": {\"name\": \"type\", \"object\": \"\\uc2ac\\ub9bc / \\ud038\"}}, {\"added\": {\"name\": \"type\", \"object\": \"\\uc2ac\\ub9bc / \\uc2f1\\uae00\"}}]"}}, {"model": "admin.logentry", "pk": 114, "fields": {"action_time": "2026-06-04T13:23:15.901Z", "user": 1, "content_type": 12, "object_id": "19", "object_repr": "EQM352", "action_flag": 2, "change_message": "[{\"changed\": {\"name\": \"type\", \"object\": \"\\ud038(Q) / \\ucfe0\\uc158\\ud615\", \"fields\": [\"\\uc720\\ud615\"]}}, {\"changed\": {\"name\": \"type\", \"object\": \"\\ud038(Q) / \\uc2ac\\ub9bc\\ud615\", \"fields\": [\"\\uc720\\ud615\"]}}, {\"changed\": {\"name\": \"type\", \"object\": \"\\uc2f1\\uae00(S) / \\ucfe0\\uc158\\ud615\", \"fields\": [\"\\uc720\\ud615\"]}}, {\"changed\": {\"name\": \"type\", \"object\": \"\\uc2f1\\uae00(S) / \\uc2ac\\ub9bc\\ud615\", \"fields\": [\"\\uc720\\ud615\"]}}]"}}, {"model": "admin.logentry", "pk": 115, "fields": {"action_time": "2026-06-04T13:23:31.918Z", "user": 1, "content_type": 12, "object_id": "20", "object_repr": "EMW521", "action_flag": 2, "change_message": "[{\"changed\": {\"name\": \"type\", \"object\": \"\\ud0b9(K) / \\uc2ac\\ub9bc\\ud615\", \"fields\": [\"\\uc720\\ud615\"]}}, {\"changed\": {\"name\": \"type\", \"object\": \"\\ud038(Q) / \\uc2ac\\ub9bc\\ud615\", \"fields\": [\"\\uc720\\ud615\"]}}, {\"changed\": {\"name\": \"type\", \"object\": \"\\uc2f1\\uae00(S) / \\uc2ac\\ub9bc\\ud615\", \"fields\": [\"\\uc720\\ud615\"]}}]"}}, {"model": "admin.logentry", "pk": 116, "fields": {"action_time": "2026-06-04T13:23:42.018Z", "user": 1, "content_type": 12, "object_id": "21", "object_repr": "EMW751", "action_flag": 2, "change_message": "[{\"changed\": {\"name\": \"type\", \"object\": \"\\ud0b9(K)) / \\uc2ac\\ub9bc\\ud615\", \"fields\": [\"\\uc720\\ud615\"]}}, {\"changed\": {\"name\": \"type\", \"object\": \"\\ud038(Q) / \\uc2ac\\ub9bc\\ud615\", \"fields\": [\"\\uc720\\ud615\"]}}, {\"changed\": {\"name\": \"type\", \"object\": \"\\uc2f1\\uae00(S) / \\uc2ac\\ub9bc\\ud615\", \"fields\": [\"\\uc720\\ud615\"]}}]"}}, {"model": "auth.permission", "pk": 1, "fields": {"name": "Can add log entry", "content_type": 1, "codename": "add_logentry"}}, {"model": "auth.permission", "pk": 2, "fields": {"name": "Can change log entry", "content_type": 1, "codename": "change_logentry"}}, {"model": "auth.permission", "pk": 3, "fields": {"name": "Can delete log entry", "content_type": 1, "codename": "delete_logentry"}}, {"model": "auth.permission", "pk": 4, "fields": {"name": "Can view log entry", "content_type": 1, "codename": "view_logentry"}}, {"model": "auth.permission", "pk": 5, "fields": {"name": "Can add permission", "content_type": 2, "codename": "add_permission"}}, {"model": "auth.permission", "pk": 6, "fields": {"name": "Can change permission", "content_type": 2, "codename": "change_permission"}}, {"model": "auth.permission", "pk": 7, "fields": {"name": "Can delete permission", "content_type": 2, "codename": "delete_permission"}}, {"model": "auth.permission", "pk": 8, "fields": {"name": "Can view permission", "content_type": 2, "codename": "view_permission"}}, {"model": "auth.permission", "pk": 9, "fields": {"name": "Can add group", "content_type": 3, "codename": "add_group"}}, {"model": "auth.permission", "pk": 10, "fields": {"name": "Can change group", "content_type": 3, "codename": "change_group"}}, {"model": "auth.permission", "pk": 11, "fields": {"name": "Can delete group", "content_type": 3, "codename": "delete_group"}}, {"model": "auth.permission", "pk": 12, "fields": {"name": "Can view group", "content_type": 3, "codename": "view_group"}}, {"model": "auth.permission", "pk": 13, "fields": {"name": "Can add user", "content_type": 4, "codename": "add_user"}}, {"model": "auth.permission", "pk": 14, "fields": {"name": "Can change user", "content_type": 4, "codename": "change_user"}}, {"model": "auth.permission", "pk": 15, "fields": {"name": "Can delete user", "content_type": 4, "codename": "delete_user"}}, {"model": "auth.permission", "pk": 16, "fields": {"name": "Can view user", "content_type": 4, "codename": "view_user"}}, {"model": "auth.permission", "pk": 17, "fields": {"name": "Can add content type", "content_type": 5, "codename": "add_contenttype"}}, {"model": "auth.permission", "pk": 18, "fields": {"name": "Can change content type", "content_type": 5, "codename": "change_contenttype"}}, {"model": "auth.permission", "pk": 19, "fields": {"name": "Can delete content type", "content_type": 5, "codename": "delete_contenttype"}}, {"model": "auth.permission", "pk": 20, "fields": {"name": "Can view content type", "content_type": 5, "codename": "view_contenttype"}}, {"model": "auth.permission", "pk": 21, "fields": {"name": "Can add session", "content_type": 6, "codename": "add_session"}}, {"model": "auth.permission", "pk": 22, "fields": {"name": "Can change session", "content_type": 6, "codename": "change_session"}}, {"model": "auth.permission", "pk": 23, "fields": {"name": "Can delete session", "content_type": 6, "codename": "delete_session"}}, {"model": "auth.permission", "pk": 24, "fields": {"name": "Can view session", "content_type": 6, "codename": "view_session"}}, {"model": "auth.permission", "pk": 25, "fields": {"name": "Can add category", "content_type": 7, "codename": "add_category"}}, {"model": "auth.permission", "pk": 26, "fields": {"name": "Can change category", "content_type": 7, "codename": "change_category"}}, {"model": "auth.permission", "pk": 27, "fields": {"name": "Can delete category", "content_type": 7, "codename": "delete_category"}}, {"model": "auth.permission", "pk": 28, "fields": {"name": "Can view category", "content_type": 7, "codename": "view_category"}}, {"model": "auth.permission", "pk": 29, "fields": {"name": "Can add product", "content_type": 8, "codename": "add_product"}}, {"model": "auth.permission", "pk": 30, "fields": {"name": "Can change product", "content_type": 8, "codename": "change_product"}}, {"model": "auth.permission", "pk": 31, "fields": {"name": "Can delete product", "content_type": 8, "codename": "delete_product"}}, {"model": "auth.permission", "pk": 32, "fields": {"name": "Can view product", "content_type": 8, "codename": "view_product"}}, {"model": "auth.permission", "pk": 33, "fields": {"name": "Can add brand", "content_type": 9, "codename": "add_brand"}}, {"model": "auth.permission", "pk": 34, "fields": {"name": "Can change brand", "content_type": 9, "codename": "change_brand"}}, {"model": "auth.permission", "pk": 35, "fields": {"name": "Can delete brand", "content_type": 9, "codename": "delete_brand"}}, {"model": "auth.permission", "pk": 36, "fields": {"name": "Can view brand", "content_type": 9, "codename": "view_brand"}}, {"model": "auth.permission", "pk": 37, "fields": {"name": "Can add classification", "content_type": 10, "codename": "add_classification"}}, {"model": "auth.permission", "pk": 38, "fields": {"name": "Can change classification", "content_type": 10, "codename": "change_classification"}}, {"model": "auth.permission", "pk": 39, "fields": {"name": "Can delete classification", "content_type": 10, "codename": "delete_classification"}}, {"model": "auth.permission", "pk": 40, "fields": {"name": "Can view classification", "content_type": 10, "codename": "view_classification"}}, {"model": "auth.permission", "pk": 41, "fields": {"name": "Can add option group", "content_type": 11, "codename": "add_optiongroup"}}, {"model": "auth.permission", "pk": 42, "fields": {"name": "Can change option group", "content_type": 11, "codename": "change_optiongroup"}}, {"model": "auth.permission", "pk": 43, "fields": {"name": "Can delete option group", "content_type": 11, "codename": "delete_optiongroup"}}, {"model": "auth.permission", "pk": 44, "fields": {"name": "Can view option group", "content_type": 11, "codename": "view_optiongroup"}}, {"model": "auth.permission", "pk": 45, "fields": {"name": "Can add model", "content_type": 12, "codename": "add_model"}}, {"model": "auth.permission", "pk": 46, "fields": {"name": "Can change model", "content_type": 12, "codename": "change_model"}}, {"model": "auth.permission", "pk": 47, "fields": {"name": "Can delete model", "content_type": 12, "codename": "delete_model"}}, {"model": "auth.permission", "pk": 48, "fields": {"name": "Can view model", "content_type": 12, "codename": "view_model"}}, {"model": "auth.permission", "pk": 49, "fields": {"name": "Can add image", "content_type": 13, "codename": "add_image"}}, {"model": "auth.permission", "pk": 50, "fields": {"name": "Can change image", "content_type": 13, "codename": "change_image"}}, {"model": "auth.permission", "pk": 51, "fields": {"name": "Can delete image", "content_type": 13, "codename": "delete_image"}}, {"model": "auth.permission", "pk": 52, "fields": {"name": "Can view image", "content_type": 13, "codename": "view_image"}}, {"model": "auth.permission", "pk": 53, "fields": {"name": "Can add option value", "content_type": 14, "codename": "add_optionvalue"}}, {"model": "auth.permission", "pk": 54, "fields": {"name": "Can change option value", "content_type": 14, "codename": "change_optionvalue"}}, {"model": "auth.permission", "pk": 55, "fields": {"name": "Can delete option value", "content_type": 14, "codename": "delete_optionvalue"}}, {"model": "auth.permission", "pk": 56, "fields": {"name": "Can view option value", "content_type": 14, "codename": "view_optionvalue"}}, {"model": "auth.permission", "pk": 57, "fields": {"name": "Can add type", "content_type": 15, "codename": "add_type"}}, {"model": "auth.permission", "pk": 58, "fields": {"name": "Can change type", "content_type": 15, "codename": "change_type"}}, {"model": "auth.permission", "pk": 59, "fields": {"name": "Can delete type", "content_type": 15, "codename": "delete_type"}}, {"model": "auth.permission", "pk": 60, "fields": {"name": "Can view type", "content_type": 15, "codename": "view_type"}}, {"model": "auth.permission", "pk": 61, "fields": {"name": "Can add feature", "content_type": 16, "codename": "add_feature"}}, {"model": "auth.permission", "pk": 62, "fields": {"name": "Can change feature", "content_type": 16, "codename": "change_feature"}}, {"model": "auth.permission", "pk": 63, "fields": {"name": "Can delete feature", "content_type": 16, "codename": "delete_feature"}}, {"model": "auth.permission", "pk": 64, "fields": {"name": "Can view feature", "content_type": 16, "codename": "view_feature"}}, {"model": "auth.permission", "pk": 65, "fields": {"name": "Can add capacity", "content_type": 17, "codename": "add_capacity"}}, {"model": "auth.permission", "pk": 66, "fields": {"name": "Can change capacity", "content_type": 17, "codename": "change_capacity"}}, {"model": "auth.permission", "pk": 67, "fields": {"name": "Can delete capacity", "content_type": 17, "codename": "delete_capacity"}}, {"model": "auth.permission", "pk": 68, "fields": {"name": "Can view capacity", "content_type": 17, "codename": "view_capacity"}}, {"model": "auth.user", "pk": 1, "fields": {"password": "pbkdf2_sha256$1000000$B7e1TJ6164zw5ykDZGsiaT$xN/yWNuxrLptj40YnoU7KSr2dB7SVkPVJuowVLRuteY=", "last_login": "2026-06-08T12:22:08.720Z", "is_superuser": true, "username": "admin", "first_name": "", "last_name": "", "email": "cksgml8797@gmail.com", "is_staff": true, "is_active": true, "date_joined": "2026-05-24T14:35:09.018Z", "groups": [], "user_permissions": []}}, {"model": "contenttypes.contenttype", "pk": 1, "fields": {"app_label": "admin", "model": "logentry"}}, {"model": "contenttypes.contenttype", "pk": 2, "fields": {"app_label": "auth", "model": "permission"}}, {"model": "contenttypes.contenttype", "pk": 3, "fields": {"app_label": "auth", "model": "group"}}, {"model": "contenttypes.contenttype", "pk": 4, "fields": {"app_label": "auth", "model": "user"}}, {"model": "contenttypes.contenttype", "pk": 5, "fields": {"app_label": "contenttypes", "model": "contenttype"}}, {"model": "contenttypes.contenttype", "pk": 6, "fields": {"app_label": "sessions", "model": "session"}}, {"model": "contenttypes.contenttype", "pk": 7, "fields": {"app_label": "products", "model": "category"}}, {"model": "contenttypes.contenttype", "pk": 8, "fields": {"app_label": "products", "model": "product"}}, {"model": "contenttypes.contenttype", "pk": 9, "fields": {"app_label": "products", "model": "brand"}}, {"model": "contenttypes.contenttype", "pk": 10, "fields": {"app_label": "products", "model": "classification"}}, {"model": "contenttypes.contenttype", "pk": 11, "fields": {"app_label": "products", "model": "optiongroup"}}, {"model": "contenttypes.contenttype", "pk": 12, "fields": {"app_label": "products", "model": "model"}}, {"model": "contenttypes.contenttype", "pk": 13, "fields": {"app_label": "products", "model": "image"}}, {"model": "contenttypes.contenttype", "pk": 14, "fields": {"app_label": "products", "model": "optionvalue"}}, {"model": "contenttypes.contenttype", "pk": 15, "fields": {"app_label": "products", "model": "type"}}, {"model": "contenttypes.contenttype", "pk": 16, "fields": {"app_label": "products", "model": "feature"}}, {"model": "contenttypes.contenttype", "pk": 17, "fields": {"app_label": "products", "model": "capacity"}}, {"model": "sessions.session", "pk": "06eskkjcg9rhdcalwj7ma65g02xkmwxy", "fields": {"session_data": ".eJxVjEEOwiAQRe_C2hCgFBmX7nsGMsyAVA0kpV0Z765NutDtf-_9lwi4rSVsPS1hZnERWpx-t4j0SHUHfMd6a5JaXZc5yl2RB-1yapye18P9OyjYy7dG9tkpgwpZZZXJMwK4cx6Yx-TAIihKBlzyzkK0eiRy2WvGaCwMkcT7AwRgOJ8:1wR9vV:vMthEA_5vgcrE0eEJOb0jd6kH-KFekSi2QInOQM-2Tw", "expire_date": "2026-06-07T14:35:37.816Z"}}, {"model": "sessions.session", "pk": "fsnrs9dh0vxg8f4vhasvwin6rbje6vpf", "fields": {"session_data": ".eJxVjEEOwiAQRe_C2hCgFBmX7nsGMsyAVA0kpV0Z765NutDtf-_9lwi4rSVsPS1hZnERWpx-t4j0SHUHfMd6a5JaXZc5yl2RB-1yapye18P9OyjYy7dG9tkpgwpZZZXJMwK4cx6Yx-TAIihKBlzyzkK0eiRy2WvGaCwMkcT7AwRgOJ8:1wUPzp:mgnF_OaTeFzLi5fPdHLBWMgTMXRuIhI79vcAcA8FORQ", "expire_date": "2026-06-16T14:21:33.386Z"}}, {"model": "sessions.session", "pk": "scivwwccw4icz5kwn4lreukxghcsuz48", "fields": {"session_data": ".eJxVjEEOwiAQRe_C2hCgFBmX7nsGMsyAVA0kpV0Z765NutDtf-_9lwi4rSVsPS1hZnERWpx-t4j0SHUHfMd6a5JaXZc5yl2RB-1yapye18P9OyjYy7dG9tkpgwpZZZXJMwK4cx6Yx-TAIihKBlzyzkK0eiRy2WvGaCwMkcT7AwRgOJ8:1wWYzY:pk3ZWrHJEbYijju5t5NWL7s7luXlFZecPmF30qVfsKc", "expire_date": "2026-06-22T12:22:08.721Z"}}, {"model": "products.classification", "pk": 1, "fields": {"created_at": "2026-05-24T14:38:36.027Z", "updated_at": "2026-05-24T14:38:36.027Z", "name": "보일러"}}, {"model": "products.classification", "pk": 2, "fields": {"created_at": "2026-05-24T14:38:43.109Z", "updated_at": "2026-05-24T14:38:43.109Z", "name": "온수기"}}, {"model": "products.classification", "pk": 3, "fields": {"created_at": "2026-06-04T13:17:53.015Z", "updated_at": "2026-06-04T13:17:53.015Z", "name": "안심 숙면 매트"}}, {"model": "products.category", "pk": 1, "fields": {"created_at": "2026-05-24T14:39:05.599Z", "updated_at": "2026-05-24T14:39:05.599Z", "name": "가스 보일러", "classification": 1}}, {"model": "products.category", "pk": 2, "fields": {"created_at": "2026-05-24T14:39:31.742Z", "updated_at": "2026-05-24T14:39:31.742Z", "name": "가스 온수기", "classification": 2}}, {"model": "products.category", "pk": 3, "fields": {"created_at": "2026-06-04T12:50:54.860Z", "updated_at": "2026-06-04T12:50:54.860Z", "name": "전기 보일러", "classification": 1}}, {"model": "products.category", "pk": 4, "fields": {"created_at": "2026-06-04T12:53:56.432Z", "updated_at": "2026-06-04T12:53:56.432Z", "name": "기름 보일러", "classification": 1}}, {"model": "products.category", "pk": 5, "fields": {"created_at": "2026-06-04T13:00:46.752Z", "updated_at": "2026-06-04T13:00:46.752Z", "name": "일반 가스 온수기", "classification": 2}}, {"model": "products.category", "pk": 6, "fields": {"created_at": "2026-06-04T13:01:02.472Z", "updated_at": "2026-06-04T13:01:02.472Z", "name": "전기 온수기", "classification": 2}}, {"model": "products.category", "pk": 8, "fields": {"created_at": "2026-06-04T13:17:53.016Z", "updated_at": "2026-06-04T13:18:09.936Z", "name": "안심 숙면 매트", "classification": 3}}, {"model": "products.product", "pk": 1, "fields": {"created_at": "2026-05-24T14:40:02.481Z", "updated_at": "2026-05-24T14:40:02.481Z", "name": "일반 가스보일러", "category": 1}}, {"model": "products.product", "pk": 2, "fields": {"created_at": "2026-05-24T14:40:23.196Z", "updated_at": "2026-06-03T07:04:05.525Z", "name": "콘덴싱 가스 온수기", "category": 2}}, {"model": "products.product", "pk": 3, "fields": {"created_at": "2026-06-04T12:40:25.210Z", "updated_at": "2026-06-04T12:40:25.210Z", "name": "콘덴싱 가스보일러", "category": 1}}, {"model": "products.product", "pk": 4, "fields": {"created_at": "2026-06-04T12:50:54.861Z", "updated_at": "2026-06-04T12:50:54.861Z", "name": "순간식 전기보일러", "category": 3}}, {"model": "products.product", "pk": 5, "fields": {"created_at": "2026-06-04T12:53:56.433Z", "updated_at": "2026-06-04T12:53:56.433Z", "name": "스텐 기름 보일러", "category": 4}}, {"model": "products.product", "pk": 6, "fields": {"created_at": "2026-06-04T12:53:56.433Z", "updated_at": "2026-06-04T12:53:56.433Z", "name": "친환경 보일러", "category": 4}}, {"model": "products.product", "pk": 7, "fields": {"created_at": "2026-06-04T12:53:56.434Z", "updated_at": "2026-06-04T12:53:56.434Z", "name": "온수 전용", "category": 4}}, {"model": "products.product", "pk": 8, "fields": {"created_at": "2026-06-04T12:53:56.434Z", "updated_at": "2026-06-04T12:53:56.434Z", "name": "콘덴싱 기름 보일러", "category": 4}}, {"model": "products.product", "pk": 9, "fields": {"created_at": "2026-06-04T13:03:03.336Z", "updated_at": "2026-06-04T13:03:03.336Z", "name": "일반 가스 온수기", "category": 2}}, {"model": "products.product", "pk": 10, "fields": {"created_at": "2026-06-04T13:06:26.346Z", "updated_at": "2026-06-04T13:06:26.346Z", "name": "전기 온수기", "category": 6}}, {"model": "products.product", "pk": 11, "fields": {"created_at": "2026-06-04T13:15:26.742Z", "updated_at": "2026-06-04T13:15:26.742Z", "name": "대형 전기 온수기", "category": 6}}, {"model": "products.product", "pk": 12, "fields": {"created_at": "2026-06-04T13:18:09.936Z", "updated_at": "2026-06-04T13:18:44.959Z", "name": "온수 매트", "category": 8}}, {"model": "products.product", "pk": 13, "fields": {"created_at": "2026-06-04T13:18:09.937Z", "updated_at": "2026-06-04T13:21:39.362Z", "name": "전기 매트", "category": 8}}, {"model": "products.product", "pk": 14, "fields": {"created_at": "2026-06-04T13:18:09.937Z", "updated_at": "2026-06-04T13:22:38.711Z", "name": "사계절 매트", "category": 8}}, {"model": "products.brand", "pk": 1, "fields": {"created_at": "2026-05-24T14:35:59.178Z", "updated_at": "2026-05-24T14:35:59.178Z", "name": "경동나비엔"}}, {"model": "products.model", "pk": 2, "fields": {"created_at": "2026-06-01T13:59:31.658Z", "updated_at": "2026-06-01T13:59:31.658Z", "code": "NGB554", "brand": 1, "product": 1}}, {"model": "products.model", "pk": 3, "fields": {"created_at": "2026-06-03T07:04:05.526Z", "updated_at": "2026-06-03T07:06:29.864Z", "code": "NPW", "brand": 1, "product": 2}}, {"model": "products.model", "pk": 4, "fields": {"created_at": "2026-06-04T12:40:52.600Z", "updated_at": "2026-06-04T12:42:36.393Z", "code": "NCB753", "brand": 1, "product": 3}}, {"model": "products.model", "pk": 5, "fields": {"created_at": "2026-06-04T12:43:07.626Z", "updated_at": "2026-06-04T12:43:07.626Z", "code": "NCB553", "brand": 1, "product": 3}}, {"model": "products.model", "pk": 6, "fields": {"created_at": "2026-06-04T12:43:35.804Z", "updated_at": "2026-06-04T12:43:35.804Z", "code": "NCB354", "brand": 1, "product": 3}}, {"model": "products.model", "pk": 7, "fields": {"created_at": "2026-06-04T12:52:12.653Z", "updated_at": "2026-06-04T12:52:12.653Z", "code": "EQB550", "brand": 1, "product": 4}}, {"model": "products.model", "pk": 8, "fields": {"created_at": "2026-06-04T12:55:34.960Z", "updated_at": "2026-06-04T12:55:34.960Z", "code": "LST", "brand": 1, "product": 5}}, {"model": "products.model", "pk": 9, "fields": {"created_at": "2026-06-04T12:57:15.109Z", "updated_at": "2026-06-04T12:57:15.109Z", "code": "LGB552", "brand": 1, "product": 6}}, {"model": "products.model", "pk": 10, "fields": {"created_at": "2026-06-04T12:58:47.530Z", "updated_at": "2026-06-04T12:59:07.685Z", "code": "LSW", "brand": 1, "product": 7}}, {"model": "products.model", "pk": 11, "fields": {"created_at": "2026-06-04T13:00:14.318Z", "updated_at": "2026-06-04T13:00:14.318Z", "code": "LFB550", "brand": 1, "product": 8}}, {"model": "products.model", "pk": 12, "fields": {"created_at": "2026-06-04T13:03:57.254Z", "updated_at": "2026-06-04T13:03:57.254Z", "code": "NGW550 (LNG)", "brand": 1, "product": 9}}, {"model": "products.model", "pk": 13, "fields": {"created_at": "2026-06-04T13:04:27.144Z", "updated_at": "2026-06-04T13:04:27.144Z", "code": "NGW550 (LPG)", "brand": 1, "product": 9}}, {"model": "products.model", "pk": 14, "fields": {"created_at": "2026-06-04T13:08:57.873Z", "updated_at": "2026-06-04T13:08:57.873Z", "code": "ESW550 (스텐)", "brand": 1, "product": 10}}, {"model": "products.model", "pk": 15, "fields": {"created_at": "2026-06-04T13:11:46.312Z", "updated_at": "2026-06-04T13:11:46.312Z", "code": "ESW350 (법랑)", "brand": 1, "product": 10}}, {"model": "products.model", "pk": 16, "fields": {"created_at": "2026-06-04T13:14:00.089Z", "updated_at": "2026-06-04T13:14:00.089Z", "code": "ESW350-FS (바닥형, 법랑)", "brand": 1, "product": 10}}, {"model": "products.model", "pk": 17, "fields": {"created_at": "2026-06-04T13:16:09.112Z", "updated_at": "2026-06-04T13:16:09.112Z", "code": "일반 전기 온수기 (EEW)", "brand": 1, "product": 11}}, {"model": "products.model", "pk": 18, "fields": {"created_at": "2026-06-04T13:17:04.479Z", "updated_at": "2026-06-04T13:17:04.479Z", "code": "심야 전기 온수기 (MEW)", "brand": 1, "product": 11}}, {"model": "products.model", "pk": 19, "fields": {"created_at": "2026-06-04T13:18:44.959Z", "updated_at": "2026-06-04T13:23:15.900Z", "code": "EQM352", "brand": 1, "product": 12}}, {"model": "products.model", "pk": 20, "fields": {"created_at": "2026-06-04T13:18:44.960Z", "updated_at": "2026-06-04T13:23:31.917Z", "code": "EMW521", "brand": 1, "product": 12}}, {"model": "products.model", "pk": 21, "fields": {"created_at": "2026-06-04T13:18:44.960Z", "updated_at": "2026-06-04T13:23:42.017Z", "code": "EMW751", "brand": 1, "product": 12}}, {"model": "products.model", "pk": 22, "fields": {"created_at": "2026-06-04T13:21:39.363Z", "updated_at": "2026-06-04T13:21:59.883Z", "code": "EME551D", "brand": 1, "product": 13}}, {"model": "products.model", "pk": 23, "fields": {"created_at": "2026-06-04T13:21:39.363Z", "updated_at": "2026-06-04T13:22:11.054Z", "code": "EME510", "brand": 1, "product": 13}}, {"model": "products.model", "pk": 24, "fields": {"created_at": "2026-06-04T13:21:39.363Z", "updated_at": "2026-06-04T13:22:24.987Z", "code": "EME520", "brand": 1, "product": 13}}, {"model": "products.model", "pk": 25, "fields": {"created_at": "2026-06-04T13:22:38.711Z", "updated_at": "2026-06-04T13:22:59.505Z", "code": "EMF501", "brand": 1, "product": 14}}, {"model": "products.type", "pk": 5, "fields": {"created_at": "2026-06-01T13:59:31.661Z", "updated_at": "2026-06-03T05:32:02.613Z", "name": "LNG 개방식", "model": 2}}, {"model": "products.type", "pk": 6, "fields": {"created_at": "2026-06-01T13:59:31.662Z", "updated_at": "2026-06-03T05:31:42.969Z", "name": "LPG 개방식", "model": 2}}, {"model": "products.type", "pk": 7, "fields": {"created_at": "2026-06-01T13:59:31.662Z", "updated_at": "2026-06-03T05:31:15.918Z", "name": "LNG 밀폐식", "model": 2}}, {"model": "products.type", "pk": 8, "fields": {"created_at": "2026-06-01T13:59:31.662Z", "updated_at": "2026-06-03T05:30:47.137Z", "name": "LPG 밀폐식", "model": 2}}, {"model": "products.type", "pk": 9, "fields": {"created_at": "2026-06-03T07:06:29.867Z", "updated_at": "2026-06-03T07:07:31.017Z", "name": "36KDS", "model": 3}}, {"model": "products.type", "pk": 10, "fields": {"created_at": "2026-06-03T07:06:29.868Z", "updated_at": "2026-06-03T07:07:23.550Z", "name": "48KDS", "model": 3}}, {"model": "products.type", "pk": 11, "fields": {"created_at": "2026-06-03T07:06:29.868Z", "updated_at": "2026-06-03T07:07:15.129Z", "name": "36KSS", "model": 3}}, {"model": "products.type", "pk": 12, "fields": {"created_at": "2026-06-03T07:06:29.868Z", "updated_at": "2026-06-03T07:07:06.756Z", "name": "48KSS", "model": 3}}, {"model": "products.type", "pk": 13, "fields": {"created_at": "2026-06-04T12:42:36.395Z", "updated_at": "2026-06-04T12:48:17.661Z", "name": "LNG 개방식", "model": 4}}, {"model": "products.type", "pk": 14, "fields": {"created_at": "2026-06-04T12:42:36.396Z", "updated_at": "2026-06-04T12:48:41.943Z", "name": "LPG 개방식", "model": 4}}, {"model": "products.type", "pk": 15, "fields": {"created_at": "2026-06-04T12:42:36.396Z", "updated_at": "2026-06-04T12:49:48.681Z", "name": "LNG 밀폐식", "model": 4}}, {"model": "products.type", "pk": 16, "fields": {"created_at": "2026-06-04T12:42:36.396Z", "updated_at": "2026-06-04T12:49:11.643Z", "name": "LPG 밀폐식", "model": 4}}, {"model": "products.type", "pk": 17, "fields": {"created_at": "2026-06-04T12:43:07.627Z", "updated_at": "2026-06-04T12:47:52.906Z", "name": "LNG 개방식", "model": 5}}, {"model": "products.type", "pk": 18, "fields": {"created_at": "2026-06-04T12:43:07.628Z", "updated_at": "2026-06-04T12:47:29.035Z", "name": "LPG 개방식", "model": 5}}, {"model": "products.type", "pk": 19, "fields": {"created_at": "2026-06-04T12:43:07.628Z", "updated_at": "2026-06-04T12:47:05.891Z", "name": "LNG 밀폐식", "model": 5}}, {"model": "products.type", "pk": 20, "fields": {"created_at": "2026-06-04T12:43:07.628Z", "updated_at": "2026-06-04T12:46:40.692Z", "name": "LPG 밀폐식", "model": 5}}, {"model": "products.type", "pk": 21, "fields": {"created_at": "2026-06-04T12:43:35.806Z", "updated_at": "2026-06-04T12:46:00.294Z", "name": "LNG 개방식", "model": 6}}, {"model": "products.type", "pk": 22, "fields": {"created_at": "2026-06-04T12:43:35.806Z", "updated_at": "2026-06-04T12:45:44.850Z", "name": "LPG 개방식", "model": 6}}, {"model": "products.type", "pk": 23, "fields": {"created_at": "2026-06-04T12:43:35.807Z", "updated_at": "2026-06-04T12:45:13.760Z", "name": "LNG 밀폐식", "model": 6}}, {"model": "products.type", "pk": 24, "fields": {"created_at": "2026-06-04T12:43:35.807Z", "updated_at": "2026-06-04T12:44:34.665Z", "name": "LPG 밀폐식", "model": 6}}, {"model": "products.type", "pk": 25, "fields": {"created_at": "2026-06-04T12:52:12.656Z", "updated_at": "2026-06-04T12:52:49.967Z", "name": "단상", "model": 7}}, {"model": "products.type", "pk": 26, "fields": {"created_at": "2026-06-04T12:52:12.657Z", "updated_at": "2026-06-04T12:53:07.269Z", "name": "삼상", "model": 7}}, {"model": "products.type", "pk": 27, "fields": {"created_at": "2026-06-04T12:55:34.962Z", "updated_at": "2026-06-04T12:56:03.498Z", "name": "외장형", "model": 8}}, {"model": "products.type", "pk": 28, "fields": {"created_at": "2026-06-04T12:55:34.963Z", "updated_at": "2026-06-04T12:56:21.631Z", "name": "내장형 (분배기 O)", "model": 8}}, {"model": "products.type", "pk": 29, "fields": {"created_at": "2026-06-04T12:55:34.963Z", "updated_at": "2026-06-04T12:56:42.371Z", "name": "내장형 (분배기 X)", "model": 8}}, {"model": "products.type", "pk": 30, "fields": {"created_at": "2026-06-04T12:57:15.109Z", "updated_at": "2026-06-04T12:57:42.881Z", "name": "외장형", "model": 9}}, {"model": "products.type", "pk": 31, "fields": {"created_at": "2026-06-04T12:57:15.109Z", "updated_at": "2026-06-04T12:58:05.317Z", "name": "내장형 (분배기 O)", "model": 9}}, {"model": "products.type", "pk": 32, "fields": {"created_at": "2026-06-04T12:57:15.109Z", "updated_at": "2026-06-04T12:58:21.034Z", "name": "내장형 (분배기 X)", "model": 9}}, {"model": "products.type", "pk": 33, "fields": {"created_at": "2026-06-04T13:03:57.255Z", "updated_at": "2026-06-04T13:04:52.035Z", "name": "8L", "model": 12}}, {"model": "products.type", "pk": 34, "fields": {"created_at": "2026-06-04T13:03:57.256Z", "updated_at": "2026-06-04T13:05:01.756Z", "name": "10L", "model": 12}}, {"model": "products.type", "pk": 35, "fields": {"created_at": "2026-06-04T13:03:57.256Z", "updated_at": "2026-06-04T13:05:11.664Z", "name": "14L", "model": 12}}, {"model": "products.type", "pk": 36, "fields": {"created_at": "2026-06-04T13:03:57.256Z", "updated_at": "2026-06-04T13:05:19.585Z", "name": "18L", "model": 12}}, {"model": "products.type", "pk": 37, "fields": {"created_at": "2026-06-04T13:04:27.147Z", "updated_at": "2026-06-04T13:05:28.677Z", "name": "8L", "model": 13}}, {"model": "products.type", "pk": 38, "fields": {"created_at": "2026-06-04T13:04:27.147Z", "updated_at": "2026-06-04T13:05:36.812Z", "name": "10L", "model": 13}}, {"model": "products.type", "pk": 39, "fields": {"created_at": "2026-06-04T13:04:27.147Z", "updated_at": "2026-06-04T13:05:43.892Z", "name": "14L", "model": 13}}, {"model": "products.type", "pk": 40, "fields": {"created_at": "2026-06-04T13:04:27.147Z", "updated_at": "2026-06-04T13:05:52.935Z", "name": "18L", "model": 13}}, {"model": "products.type", "pk": 41, "fields": {"created_at": "2026-06-04T13:08:57.875Z", "updated_at": "2026-06-04T13:09:12.409Z", "name": "15W (하향식)", "model": 14}}, {"model": "products.type", "pk": 42, "fields": {"created_at": "2026-06-04T13:08:57.876Z", "updated_at": "2026-06-04T13:09:22.755Z", "name": "15U (상향식)", "model": 14}}, {"model": "products.type", "pk": 43, "fields": {"created_at": "2026-06-04T13:08:57.876Z", "updated_at": "2026-06-04T13:09:31.134Z", "name": "30W (하향식)", "model": 14}}, {"model": "products.type", "pk": 44, "fields": {"created_at": "2026-06-04T13:08:57.876Z", "updated_at": "2026-06-04T13:09:36.234Z", "name": "30U (상향식)", "model": 14}}, {"model": "products.type", "pk": 45, "fields": {"created_at": "2026-06-04T13:08:57.876Z", "updated_at": "2026-06-04T13:09:43.386Z", "name": "50WH (가로형)", "model": 14}}, {"model": "products.type", "pk": 46, "fields": {"created_at": "2026-06-04T13:08:57.876Z", "updated_at": "2026-06-04T13:09:48.493Z", "name": "50WV (세로형)", "model": 14}}, {"model": "products.type", "pk": 47, "fields": {"created_at": "2026-06-04T13:11:46.312Z", "updated_at": "2026-06-04T13:11:56.685Z", "name": "15W (하향식)", "model": 15}}, {"model": "products.type", "pk": 48, "fields": {"created_at": "2026-06-04T13:11:46.313Z", "updated_at": "2026-06-04T13:12:05.241Z", "name": "15U (상향식)", "model": 15}}, {"model": "products.type", "pk": 49, "fields": {"created_at": "2026-06-04T13:11:46.313Z", "updated_at": "2026-06-04T13:12:12.381Z", "name": "30W (하향식)", "model": 15}}, {"model": "products.type", "pk": 50, "fields": {"created_at": "2026-06-04T13:11:46.313Z", "updated_at": "2026-06-04T13:12:17.965Z", "name": "30U (상향식)", "model": 15}}, {"model": "products.type", "pk": 51, "fields": {"created_at": "2026-06-04T13:11:46.313Z", "updated_at": "2026-06-04T13:12:28.620Z", "name": "50WH (가로형)", "model": 15}}, {"model": "products.type", "pk": 52, "fields": {"created_at": "2026-06-04T13:11:46.313Z", "updated_at": "2026-06-04T13:12:37.545Z", "name": "80WV (세로형)", "model": 15}}, {"model": "products.type", "pk": 53, "fields": {"created_at": "2026-06-04T13:11:46.313Z", "updated_at": "2026-06-04T13:12:45.591Z", "name": "100WV (세로형)", "model": 15}}, {"model": "products.type", "pk": 54, "fields": {"created_at": "2026-06-04T13:11:46.313Z", "updated_at": "2026-06-04T13:12:50.866Z", "name": "50WV (세로형)", "model": 15}}, {"model": "products.type", "pk": 55, "fields": {"created_at": "2026-06-04T13:14:00.091Z", "updated_at": "2026-06-04T13:14:31.122Z", "name": "50FS (바닥형)", "model": 16}}, {"model": "products.type", "pk": 56, "fields": {"created_at": "2026-06-04T13:14:00.091Z", "updated_at": "2026-06-04T13:14:36.804Z", "name": "100FS (바닥형)", "model": 16}}, {"model": "products.type", "pk": 57, "fields": {"created_at": "2026-06-04T13:16:09.113Z", "updated_at": "2026-06-04T13:16:27.029Z", "name": "14D", "model": 17}}, {"model": "products.type", "pk": 58, "fields": {"created_at": "2026-06-04T13:16:09.113Z", "updated_at": "2026-06-04T13:16:09.113Z", "name": "24D", "model": 17}}, {"model": "products.type", "pk": 59, "fields": {"created_at": "2026-06-04T13:16:09.113Z", "updated_at": "2026-06-04T13:16:09.113Z", "name": "34D", "model": 17}}, {"model": "products.type", "pk": 60, "fields": {"created_at": "2026-06-04T13:16:09.113Z", "updated_at": "2026-06-04T13:16:09.113Z", "name": "44D", "model": 17}}, {"model": "products.type", "pk": 61, "fields": {"created_at": "2026-06-04T13:17:04.481Z", "updated_at": "2026-06-04T13:17:11.662Z", "name": "14D", "model": 18}}, {"model": "products.type", "pk": 62, "fields": {"created_at": "2026-06-04T13:17:04.481Z", "updated_at": "2026-06-04T13:17:17.653Z", "name": "24D", "model": 18}}, {"model": "products.type", "pk": 63, "fields": {"created_at": "2026-06-04T13:17:04.482Z", "updated_at": "2026-06-04T13:17:22.761Z", "name": "34D", "model": 18}}, {"model": "products.type", "pk": 64, "fields": {"created_at": "2026-06-04T13:17:04.482Z", "updated_at": "2026-06-04T13:17:29.446Z", "name": "44D", "model": 18}}, {"model": "products.type", "pk": 65, "fields": {"created_at": "2026-06-04T13:20:12.151Z", "updated_at": "2026-06-04T13:23:15.900Z", "name": "퀸(Q) / 쿠션형", "model": 19}}, {"model": "products.type", "pk": 66, "fields": {"created_at": "2026-06-04T13:20:12.151Z", "updated_at": "2026-06-04T13:23:15.900Z", "name": "퀸(Q) / 슬림형", "model": 19}}, {"model": "products.type", "pk": 67, "fields": {"created_at": "2026-06-04T13:20:12.152Z", "updated_at": "2026-06-04T13:23:15.900Z", "name": "싱글(S) / 쿠션형", "model": 19}}, {"model": "products.type", "pk": 68, "fields": {"created_at": "2026-06-04T13:20:12.152Z", "updated_at": "2026-06-04T13:23:15.901Z", "name": "싱글(S) / 슬림형", "model": 19}}, {"model": "products.type", "pk": 69, "fields": {"created_at": "2026-06-04T13:20:40.731Z", "updated_at": "2026-06-04T13:23:31.918Z", "name": "킹(K) / 슬림형", "model": 20}}, {"model": "products.type", "pk": 70, "fields": {"created_at": "2026-06-04T13:20:40.731Z", "updated_at": "2026-06-04T13:23:31.918Z", "name": "퀸(Q) / 슬림형", "model": 20}}, {"model": "products.type", "pk": 71, "fields": {"created_at": "2026-06-04T13:20:40.731Z", "updated_at": "2026-06-04T13:23:31.918Z", "name": "싱글(S) / 슬림형", "model": 20}}, {"model": "products.type", "pk": 72, "fields": {"created_at": "2026-06-04T13:21:14.252Z", "updated_at": "2026-06-04T13:23:42.017Z", "name": "킹(K)) / 슬림형", "model": 21}}, {"model": "products.type", "pk": 73, "fields": {"created_at": "2026-06-04T13:21:14.252Z", "updated_at": "2026-06-04T13:23:42.018Z", "name": "퀸(Q) / 슬림형", "model": 21}}, {"model": "products.type", "pk": 74, "fields": {"created_at": "2026-06-04T13:21:14.253Z", "updated_at": "2026-06-04T13:23:42.018Z", "name": "싱글(S) / 슬림형", "model": 21}}, {"model": "products.type", "pk": 75, "fields": {"created_at": "2026-06-04T13:21:59.884Z", "updated_at": "2026-06-04T13:21:59.884Z", "name": "Comforter / 킹(King)", "model": 22}}, {"model": "products.type", "pk": 76, "fields": {"created_at": "2026-06-04T13:21:59.884Z", "updated_at": "2026-06-04T13:21:59.884Z", "name": "Comforter / 퀸(Queen)", "model": 22}}, {"model": "products.type", "pk": 77, "fields": {"created_at": "2026-06-04T13:21:59.884Z", "updated_at": "2026-06-04T13:21:59.884Z", "name": "Comforter / 싱글(Single)", "model": 22}}, {"model": "products.type", "pk": 78, "fields": {"created_at": "2026-06-04T13:22:11.054Z", "updated_at": "2026-06-04T13:22:11.055Z", "name": "Pad / 퀸(Queen)", "model": 23}}, {"model": "products.type", "pk": 79, "fields": {"created_at": "2026-06-04T13:22:11.055Z", "updated_at": "2026-06-04T13:22:11.055Z", "name": "Pad / 싱글(Single)", "model": 23}}, {"model": "products.type", "pk": 80, "fields": {"created_at": "2026-06-04T13:22:24.988Z", "updated_at": "2026-06-04T13:22:24.988Z", "name": "Pad / 킹(King)", "model": 24}}, {"model": "products.type", "pk": 81, "fields": {"created_at": "2026-06-04T13:22:24.989Z", "updated_at": "2026-06-04T13:22:24.989Z", "name": "Pad / 퀸(Queen)", "model": 24}}, {"model": "products.type", "pk": 82, "fields": {"created_at": "2026-06-04T13:22:24.989Z", "updated_at": "2026-06-04T13:22:24.989Z", "name": "Pad / 싱글(Single)", "model": 24}}, {"model": "products.type", "pk": 83, "fields": {"created_at": "2026-06-04T13:22:59.506Z", "updated_at": "2026-06-04T13:22:59.506Z", "name": "슬림 / 킹", "model": 25}}, {"model": "products.type", "pk": 84, "fields": {"created_at": "2026-06-04T13:22:59.506Z", "updated_at": "2026-06-04T13:22:59.506Z", "name": "슬림 / 퀸", "model": 25}}, {"model": "products.type", "pk": 85, "fields": {"created_at": "2026-06-04T13:22:59.507Z", "updated_at": "2026-06-04T13:22:59.507Z", "name": "슬림 / 싱글", "model": 25}}, {"model": "products.capacity", "pk": 1, "fields": {"created_at": "2026-06-03T05:30:11.171Z", "updated_at": "2026-06-03T05:30:47.137Z", "capacity": "13L", "type": 8}}, {"model": "products.capacity", "pk": 2, "fields": {"created_at": "2026-06-03T05:30:11.171Z", "updated_at": "2026-06-03T05:30:47.137Z", "capacity": "16L", "type": 8}}, {"model": "products.capacity", "pk": 3, "fields": {"created_at": "2026-06-03T05:30:11.171Z", "updated_at": "2026-06-03T05:30:47.138Z", "capacity": "20L", "type": 8}}, {"model": "products.capacity", "pk": 4, "fields": {"created_at": "2026-06-03T05:30:11.171Z", "updated_at": "2026-06-03T05:30:47.138Z", "capacity": "25L", "type": 8}}, {"model": "products.capacity", "pk": 5, "fields": {"created_at": "2026-06-03T05:30:11.171Z", "updated_at": "2026-06-03T05:30:47.138Z", "capacity": "30L", "type": 8}}, {"model": "products.capacity", "pk": 6, "fields": {"created_at": "2026-06-03T05:30:11.172Z", "updated_at": "2026-06-03T05:30:47.138Z", "capacity": "35L", "type": 8}}, {"model": "products.capacity", "pk": 7, "fields": {"created_at": "2026-06-03T05:31:15.918Z", "updated_at": "2026-06-03T05:31:15.918Z", "capacity": "13L", "type": 7}}, {"model": "products.capacity", "pk": 8, "fields": {"created_at": "2026-06-03T05:31:15.918Z", "updated_at": "2026-06-03T05:31:15.918Z", "capacity": "16L", "type": 7}}, {"model": "products.capacity", "pk": 9, "fields": {"created_at": "2026-06-03T05:31:15.918Z", "updated_at": "2026-06-03T05:31:15.918Z", "capacity": "20L", "type": 7}}, {"model": "products.capacity", "pk": 10, "fields": {"created_at": "2026-06-03T05:31:15.918Z", "updated_at": "2026-06-03T05:31:15.918Z", "capacity": "25L", "type": 7}}, {"model": "products.capacity", "pk": 11, "fields": {"created_at": "2026-06-03T05:31:15.918Z", "updated_at": "2026-06-03T05:31:15.918Z", "capacity": "30L", "type": 7}}, {"model": "products.capacity", "pk": 12, "fields": {"created_at": "2026-06-03T05:31:15.919Z", "updated_at": "2026-06-03T05:31:15.919Z", "capacity": "35L", "type": 7}}, {"model": "products.capacity", "pk": 13, "fields": {"created_at": "2026-06-03T05:31:42.970Z", "updated_at": "2026-06-03T05:31:42.970Z", "capacity": "13K", "type": 6}}, {"model": "products.capacity", "pk": 14, "fields": {"created_at": "2026-06-03T05:31:42.970Z", "updated_at": "2026-06-03T05:31:42.970Z", "capacity": "16K", "type": 6}}, {"model": "products.capacity", "pk": 15, "fields": {"created_at": "2026-06-03T05:31:42.970Z", "updated_at": "2026-06-03T05:31:42.970Z", "capacity": "20K", "type": 6}}, {"model": "products.capacity", "pk": 16, "fields": {"created_at": "2026-06-03T05:31:42.970Z", "updated_at": "2026-06-03T05:31:42.970Z", "capacity": "25K", "type": 6}}, {"model": "products.capacity", "pk": 17, "fields": {"created_at": "2026-06-03T05:31:42.970Z", "updated_at": "2026-06-03T05:31:42.970Z", "capacity": "30K", "type": 6}}, {"model": "products.capacity", "pk": 18, "fields": {"created_at": "2026-06-03T05:31:42.970Z", "updated_at": "2026-06-03T05:31:42.970Z", "capacity": "35K", "type": 6}}, {"model": "products.capacity", "pk": 19, "fields": {"created_at": "2026-06-03T05:32:02.613Z", "updated_at": "2026-06-03T05:32:02.613Z", "capacity": "13K", "type": 5}}, {"model": "products.capacity", "pk": 20, "fields": {"created_at": "2026-06-03T05:32:02.614Z", "updated_at": "2026-06-03T05:32:02.614Z", "capacity": "16K", "type": 5}}, {"model": "products.capacity", "pk": 21, "fields": {"created_at": "2026-06-03T05:32:02.614Z", "updated_at": "2026-06-03T05:32:02.614Z", "capacity": "20K", "type": 5}}, {"model": "products.capacity", "pk": 22, "fields": {"created_at": "2026-06-03T05:32:02.614Z", "updated_at": "2026-06-03T05:32:02.614Z", "capacity": "25K", "type": 5}}, {"model": "products.capacity", "pk": 23, "fields": {"created_at": "2026-06-03T05:32:02.614Z", "updated_at": "2026-06-03T05:32:02.614Z", "capacity": "30K", "type": 5}}, {"model": "products.capacity", "pk": 24, "fields": {"created_at": "2026-06-03T05:32:02.614Z", "updated_at": "2026-06-03T05:32:02.614Z", "capacity": "35K", "type": 5}}, {"model": "products.capacity", "pk": 25, "fields": {"created_at": "2026-06-03T07:07:06.756Z", "updated_at": "2026-06-03T07:07:06.756Z", "capacity": "55.8", "type": 12}}, {"model": "products.capacity", "pk": 26, "fields": {"created_at": "2026-06-03T07:07:15.129Z", "updated_at": "2026-06-03T07:07:15.129Z", "capacity": "41.8", "type": 11}}, {"model": "products.capacity", "pk": 27, "fields": {"created_at": "2026-06-03T07:07:23.551Z", "updated_at": "2026-06-03T07:07:23.551Z", "capacity": "55.8", "type": 10}}, {"model": "products.capacity", "pk": 28, "fields": {"created_at": "2026-06-03T07:07:31.017Z", "updated_at": "2026-06-03T07:07:31.017Z", "capacity": "41.8", "type": 9}}, {"model": "products.capacity", "pk": 29, "fields": {"created_at": "2026-06-04T12:44:34.666Z", "updated_at": "2026-06-04T12:44:34.666Z", "capacity": "15L", "type": 24}}, {"model": "products.capacity", "pk": 30, "fields": {"created_at": "2026-06-04T12:44:34.667Z", "updated_at": "2026-06-04T12:44:34.667Z", "capacity": "18L", "type": 24}}, {"model": "products.capacity", "pk": 31, "fields": {"created_at": "2026-06-04T12:44:34.667Z", "updated_at": "2026-06-04T12:44:34.667Z", "capacity": "22L", "type": 24}}, {"model": "products.capacity", "pk": 32, "fields": {"created_at": "2026-06-04T12:44:34.667Z", "updated_at": "2026-06-04T12:44:34.667Z", "capacity": "27L", "type": 24}}, {"model": "products.capacity", "pk": 33, "fields": {"created_at": "2026-06-04T12:44:34.667Z", "updated_at": "2026-06-04T12:44:34.667Z", "capacity": "33L", "type": 24}}, {"model": "products.capacity", "pk": 34, "fields": {"created_at": "2026-06-04T12:45:13.761Z", "updated_at": "2026-06-04T12:45:13.761Z", "capacity": "15L", "type": 23}}, {"model": "products.capacity", "pk": 35, "fields": {"created_at": "2026-06-04T12:45:13.761Z", "updated_at": "2026-06-04T12:45:13.761Z", "capacity": "18L", "type": 23}}, {"model": "products.capacity", "pk": 36, "fields": {"created_at": "2026-06-04T12:45:13.762Z", "updated_at": "2026-06-04T12:45:13.762Z", "capacity": "22L", "type": 23}}, {"model": "products.capacity", "pk": 37, "fields": {"created_at": "2026-06-04T12:45:13.762Z", "updated_at": "2026-06-04T12:45:13.762Z", "capacity": "27L", "type": 23}}, {"model": "products.capacity", "pk": 38, "fields": {"created_at": "2026-06-04T12:45:13.762Z", "updated_at": "2026-06-04T12:45:13.762Z", "capacity": "33L", "type": 23}}, {"model": "products.capacity", "pk": 39, "fields": {"created_at": "2026-06-04T12:45:44.851Z", "updated_at": "2026-06-04T12:45:44.851Z", "capacity": "15K", "type": 22}}, {"model": "products.capacity", "pk": 40, "fields": {"created_at": "2026-06-04T12:45:44.851Z", "updated_at": "2026-06-04T12:45:44.851Z", "capacity": "18K", "type": 22}}, {"model": "products.capacity", "pk": 41, "fields": {"created_at": "2026-06-04T12:45:44.851Z", "updated_at": "2026-06-04T12:45:44.851Z", "capacity": "22K", "type": 22}}, {"model": "products.capacity", "pk": 42, "fields": {"created_at": "2026-06-04T12:45:44.851Z", "updated_at": "2026-06-04T12:45:44.851Z", "capacity": "27K", "type": 22}}, {"model": "products.capacity", "pk": 43, "fields": {"created_at": "2026-06-04T12:45:44.852Z", "updated_at": "2026-06-04T12:45:44.852Z", "capacity": "33K", "type": 22}}, {"model": "products.capacity", "pk": 44, "fields": {"created_at": "2026-06-04T12:46:00.295Z", "updated_at": "2026-06-04T12:46:00.295Z", "capacity": "15K", "type": 21}}, {"model": "products.capacity", "pk": 45, "fields": {"created_at": "2026-06-04T12:46:00.295Z", "updated_at": "2026-06-04T12:46:00.295Z", "capacity": "18K", "type": 21}}, {"model": "products.capacity", "pk": 46, "fields": {"created_at": "2026-06-04T12:46:00.295Z", "updated_at": "2026-06-04T12:46:00.295Z", "capacity": "22K", "type": 21}}, {"model": "products.capacity", "pk": 47, "fields": {"created_at": "2026-06-04T12:46:00.295Z", "updated_at": "2026-06-04T12:46:00.295Z", "capacity": "27K", "type": 21}}, {"model": "products.capacity", "pk": 48, "fields": {"created_at": "2026-06-04T12:46:00.295Z", "updated_at": "2026-06-04T12:46:00.295Z", "capacity": "33K", "type": 21}}, {"model": "products.capacity", "pk": 49, "fields": {"created_at": "2026-06-04T12:46:40.693Z", "updated_at": "2026-06-04T12:46:40.693Z", "capacity": "2Se/22LQ", "type": 20}}, {"model": "products.capacity", "pk": 50, "fields": {"created_at": "2026-06-04T12:46:40.693Z", "updated_at": "2026-06-04T12:46:40.693Z", "capacity": "2S/27L", "type": 20}}, {"model": "products.capacity", "pk": 51, "fields": {"created_at": "2026-06-04T12:46:40.693Z", "updated_at": "2026-06-04T12:46:40.693Z", "capacity": "2S+/32L", "type": 20}}, {"model": "products.capacity", "pk": 52, "fields": {"created_at": "2026-06-04T12:46:40.693Z", "updated_at": "2026-06-04T12:46:40.693Z", "capacity": "3S/43L", "type": 20}}, {"model": "products.capacity", "pk": 53, "fields": {"created_at": "2026-06-04T12:47:05.892Z", "updated_at": "2026-06-04T12:47:05.892Z", "capacity": "2Se/22LQ", "type": 19}}, {"model": "products.capacity", "pk": 54, "fields": {"created_at": "2026-06-04T12:47:05.892Z", "updated_at": "2026-06-04T12:47:05.893Z", "capacity": "2S/27L", "type": 19}}, {"model": "products.capacity", "pk": 55, "fields": {"created_at": "2026-06-04T12:47:05.893Z", "updated_at": "2026-06-04T12:47:05.893Z", "capacity": "2S+/32L", "type": 19}}, {"model": "products.capacity", "pk": 56, "fields": {"created_at": "2026-06-04T12:47:05.893Z", "updated_at": "2026-06-04T12:47:05.893Z", "capacity": "3S/43L", "type": 19}}, {"model": "products.capacity", "pk": 57, "fields": {"created_at": "2026-06-04T12:47:29.036Z", "updated_at": "2026-06-04T12:47:29.036Z", "capacity": "2Se/22KQ", "type": 18}}, {"model": "products.capacity", "pk": 58, "fields": {"created_at": "2026-06-04T12:47:29.037Z", "updated_at": "2026-06-04T12:47:29.037Z", "capacity": "2S/27K", "type": 18}}, {"model": "products.capacity", "pk": 59, "fields": {"created_at": "2026-06-04T12:47:29.037Z", "updated_at": "2026-06-04T12:47:29.037Z", "capacity": "2S+/32K", "type": 18}}, {"model": "products.capacity", "pk": 60, "fields": {"created_at": "2026-06-04T12:47:29.037Z", "updated_at": "2026-06-04T12:47:29.037Z", "capacity": "3S/43K", "type": 18}}, {"model": "products.capacity", "pk": 61, "fields": {"created_at": "2026-06-04T12:47:52.907Z", "updated_at": "2026-06-04T12:47:52.907Z", "capacity": "2Se/22KQ", "type": 17}}, {"model": "products.capacity", "pk": 62, "fields": {"created_at": "2026-06-04T12:47:52.907Z", "updated_at": "2026-06-04T12:47:52.907Z", "capacity": "2S/27K", "type": 17}}, {"model": "products.capacity", "pk": 63, "fields": {"created_at": "2026-06-04T12:47:52.907Z", "updated_at": "2026-06-04T12:47:52.907Z", "capacity": "2S+/32K", "type": 17}}, {"model": "products.capacity", "pk": 64, "fields": {"created_at": "2026-06-04T12:47:52.907Z", "updated_at": "2026-06-04T12:47:52.907Z", "capacity": "3S/43K", "type": 17}}, {"model": "products.capacity", "pk": 65, "fields": {"created_at": "2026-06-04T12:48:17.662Z", "updated_at": "2026-06-04T12:48:17.662Z", "capacity": "2Se/22KQ", "type": 13}}, {"model": "products.capacity", "pk": 66, "fields": {"created_at": "2026-06-04T12:48:17.662Z", "updated_at": "2026-06-04T12:48:17.662Z", "capacity": "2S/27K", "type": 13}}, {"model": "products.capacity", "pk": 67, "fields": {"created_at": "2026-06-04T12:48:17.662Z", "updated_at": "2026-06-04T12:48:17.662Z", "capacity": "2S+/32K", "type": 13}}, {"model": "products.capacity", "pk": 68, "fields": {"created_at": "2026-06-04T12:48:17.662Z", "updated_at": "2026-06-04T12:48:17.662Z", "capacity": "3S/43K", "type": 13}}, {"model": "products.capacity", "pk": 69, "fields": {"created_at": "2026-06-04T12:48:41.944Z", "updated_at": "2026-06-04T12:48:41.944Z", "capacity": "2Se/22KQ", "type": 14}}, {"model": "products.capacity", "pk": 70, "fields": {"created_at": "2026-06-04T12:48:41.945Z", "updated_at": "2026-06-04T12:48:41.945Z", "capacity": "2S/27K", "type": 14}}, {"model": "products.capacity", "pk": 71, "fields": {"created_at": "2026-06-04T12:48:41.945Z", "updated_at": "2026-06-04T12:48:41.945Z", "capacity": "2S+/32K", "type": 14}}, {"model": "products.capacity", "pk": 72, "fields": {"created_at": "2026-06-04T12:48:41.945Z", "updated_at": "2026-06-04T12:48:41.945Z", "capacity": "3S/43K", "type": 14}}, {"model": "products.capacity", "pk": 73, "fields": {"created_at": "2026-06-04T12:49:11.644Z", "updated_at": "2026-06-04T12:49:11.644Z", "capacity": "2Se/22LQ", "type": 16}}, {"model": "products.capacity", "pk": 74, "fields": {"created_at": "2026-06-04T12:49:11.644Z", "updated_at": "2026-06-04T12:49:11.644Z", "capacity": "2S/27L", "type": 16}}, {"model": "products.capacity", "pk": 75, "fields": {"created_at": "2026-06-04T12:49:11.644Z", "updated_at": "2026-06-04T12:49:11.644Z", "capacity": "2S+/32L", "type": 16}}, {"model": "products.capacity", "pk": 76, "fields": {"created_at": "2026-06-04T12:49:11.645Z", "updated_at": "2026-06-04T12:49:11.645Z", "capacity": "3S/43L", "type": 16}}, {"model": "products.capacity", "pk": 77, "fields": {"created_at": "2026-06-04T12:49:48.682Z", "updated_at": "2026-06-04T12:49:48.682Z", "capacity": "2Se/22LQ", "type": 15}}, {"model": "products.capacity", "pk": 78, "fields": {"created_at": "2026-06-04T12:49:48.683Z", "updated_at": "2026-06-04T12:49:48.683Z", "capacity": "2S/27L", "type": 15}}, {"model": "products.capacity", "pk": 79, "fields": {"created_at": "2026-06-04T12:49:48.683Z", "updated_at": "2026-06-04T12:49:48.683Z", "capacity": "2S+/32L", "type": 15}}, {"model": "products.capacity", "pk": 80, "fields": {"created_at": "2026-06-04T12:49:48.683Z", "updated_at": "2026-06-04T12:49:48.683Z", "capacity": "3S/43L", "type": 15}}, {"model": "products.capacity", "pk": 81, "fields": {"created_at": "2026-06-04T12:52:49.968Z", "updated_at": "2026-06-04T12:52:49.968Z", "capacity": "8K", "type": 25}}, {"model": "products.capacity", "pk": 82, "fields": {"created_at": "2026-06-04T12:52:49.968Z", "updated_at": "2026-06-04T12:52:49.968Z", "capacity": "12K", "type": 25}}, {"model": "products.capacity", "pk": 83, "fields": {"created_at": "2026-06-04T12:52:49.969Z", "updated_at": "2026-06-04T12:52:49.969Z", "capacity": "15K", "type": 25}}, {"model": "products.capacity", "pk": 84, "fields": {"created_at": "2026-06-04T12:52:49.969Z", "updated_at": "2026-06-04T12:52:49.969Z", "capacity": "18K", "type": 25}}, {"model": "products.capacity", "pk": 85, "fields": {"created_at": "2026-06-04T12:52:49.969Z", "updated_at": "2026-06-04T12:52:49.969Z", "capacity": "21K", "type": 25}}, {"model": "products.capacity", "pk": 86, "fields": {"created_at": "2026-06-04T12:52:49.969Z", "updated_at": "2026-06-04T12:52:49.969Z", "capacity": "24K", "type": 25}}, {"model": "products.capacity", "pk": 87, "fields": {"created_at": "2026-06-04T12:53:07.272Z", "updated_at": "2026-06-04T12:53:07.272Z", "capacity": "15K", "type": 26}}, {"model": "products.capacity", "pk": 88, "fields": {"created_at": "2026-06-04T12:53:07.272Z", "updated_at": "2026-06-04T12:53:07.272Z", "capacity": "18K", "type": 26}}, {"model": "products.capacity", "pk": 89, "fields": {"created_at": "2026-06-04T12:53:07.272Z", "updated_at": "2026-06-04T12:53:07.272Z", "capacity": "21K", "type": 26}}, {"model": "products.capacity", "pk": 90, "fields": {"created_at": "2026-06-04T12:53:07.273Z", "updated_at": "2026-06-04T12:53:07.273Z", "capacity": "24K", "type": 26}}, {"model": "products.capacity", "pk": 91, "fields": {"created_at": "2026-06-04T12:56:03.499Z", "updated_at": "2026-06-04T12:56:03.499Z", "capacity": "13K", "type": 27}}, {"model": "products.capacity", "pk": 92, "fields": {"created_at": "2026-06-04T12:56:03.499Z", "updated_at": "2026-06-04T12:56:03.499Z", "capacity": "17K", "type": 27}}, {"model": "products.capacity", "pk": 93, "fields": {"created_at": "2026-06-04T12:56:03.499Z", "updated_at": "2026-06-04T12:56:03.499Z", "capacity": "20K", "type": 27}}, {"model": "products.capacity", "pk": 94, "fields": {"created_at": "2026-06-04T12:56:03.499Z", "updated_at": "2026-06-04T12:56:03.499Z", "capacity": "25K", "type": 27}}, {"model": "products.capacity", "pk": 95, "fields": {"created_at": "2026-06-04T12:56:03.499Z", "updated_at": "2026-06-04T12:56:03.499Z", "capacity": "30K", "type": 27}}, {"model": "products.capacity", "pk": 96, "fields": {"created_at": "2026-06-04T12:56:03.499Z", "updated_at": "2026-06-04T12:56:03.499Z", "capacity": "35K", "type": 27}}, {"model": "products.capacity", "pk": 97, "fields": {"created_at": "2026-06-04T12:56:21.631Z", "updated_at": "2026-06-04T12:56:21.631Z", "capacity": "13KD", "type": 28}}, {"model": "products.capacity", "pk": 98, "fields": {"created_at": "2026-06-04T12:56:21.632Z", "updated_at": "2026-06-04T12:56:21.632Z", "capacity": "17KD", "type": 28}}, {"model": "products.capacity", "pk": 99, "fields": {"created_at": "2026-06-04T12:56:21.632Z", "updated_at": "2026-06-04T12:56:21.632Z", "capacity": "20KD", "type": 28}}, {"model": "products.capacity", "pk": 100, "fields": {"created_at": "2026-06-04T12:56:21.632Z", "updated_at": "2026-06-04T12:56:21.632Z", "capacity": "25KD", "type": 28}}, {"model": "products.capacity", "pk": 101, "fields": {"created_at": "2026-06-04T12:56:42.372Z", "updated_at": "2026-06-04T12:56:42.372Z", "capacity": "13KC", "type": 29}}, {"model": "products.capacity", "pk": 102, "fields": {"created_at": "2026-06-04T12:56:42.372Z", "updated_at": "2026-06-04T12:56:42.372Z", "capacity": "17KC", "type": 29}}, {"model": "products.capacity", "pk": 103, "fields": {"created_at": "2026-06-04T12:56:42.372Z", "updated_at": "2026-06-04T12:56:42.372Z", "capacity": "20KC", "type": 29}}, {"model": "products.capacity", "pk": 104, "fields": {"created_at": "2026-06-04T12:56:42.372Z", "updated_at": "2026-06-04T12:56:42.373Z", "capacity": "25KC", "type": 29}}, {"model": "products.capacity", "pk": 105, "fields": {"created_at": "2026-06-04T12:57:42.882Z", "updated_at": "2026-06-04T12:57:42.882Z", "capacity": "13RC", "type": 30}}, {"model": "products.capacity", "pk": 106, "fields": {"created_at": "2026-06-04T12:57:42.882Z", "updated_at": "2026-06-04T12:57:42.882Z", "capacity": "17RC", "type": 30}}, {"model": "products.capacity", "pk": 107, "fields": {"created_at": "2026-06-04T12:57:42.882Z", "updated_at": "2026-06-04T12:57:42.882Z", "capacity": "20RC", "type": 30}}, {"model": "products.capacity", "pk": 108, "fields": {"created_at": "2026-06-04T12:57:42.882Z", "updated_at": "2026-06-04T12:57:42.882Z", "capacity": "25RC", "type": 30}}, {"model": "products.capacity", "pk": 109, "fields": {"created_at": "2026-06-04T12:57:42.882Z", "updated_at": "2026-06-04T12:57:42.882Z", "capacity": "30RC", "type": 30}}, {"model": "products.capacity", "pk": 110, "fields": {"created_at": "2026-06-04T12:57:42.882Z", "updated_at": "2026-06-04T12:57:42.883Z", "capacity": "35RC", "type": 30}}, {"model": "products.capacity", "pk": 111, "fields": {"created_at": "2026-06-04T12:58:05.318Z", "updated_at": "2026-06-04T12:58:05.318Z", "capacity": "13KD", "type": 31}}, {"model": "products.capacity", "pk": 112, "fields": {"created_at": "2026-06-04T12:58:05.318Z", "updated_at": "2026-06-04T12:58:05.318Z", "capacity": "17KD", "type": 31}}, {"model": "products.capacity", "pk": 113, "fields": {"created_at": "2026-06-04T12:58:05.318Z", "updated_at": "2026-06-04T12:58:05.318Z", "capacity": "20KD", "type": 31}}, {"model": "products.capacity", "pk": 114, "fields": {"created_at": "2026-06-04T12:58:05.318Z", "updated_at": "2026-06-04T12:58:05.318Z", "capacity": "25KD", "type": 31}}, {"model": "products.capacity", "pk": 115, "fields": {"created_at": "2026-06-04T12:58:21.035Z", "updated_at": "2026-06-04T12:58:21.035Z", "capacity": "13KC", "type": 32}}, {"model": "products.capacity", "pk": 116, "fields": {"created_at": "2026-06-04T12:58:21.035Z", "updated_at": "2026-06-04T12:58:21.035Z", "capacity": "17KC", "type": 32}}, {"model": "products.capacity", "pk": 117, "fields": {"created_at": "2026-06-04T12:58:21.035Z", "updated_at": "2026-06-04T12:58:21.035Z", "capacity": "20KC", "type": 32}}, {"model": "products.capacity", "pk": 118, "fields": {"created_at": "2026-06-04T12:58:21.036Z", "updated_at": "2026-06-04T12:58:21.036Z", "capacity": "25KC", "type": 32}}, {"model": "products.capacity", "pk": 119, "fields": {"created_at": "2026-06-04T13:04:52.036Z", "updated_at": "2026-06-04T13:04:52.036Z", "capacity": "12,000 kcal/h", "type": 33}}, {"model": "products.capacity", "pk": 120, "fields": {"created_at": "2026-06-04T13:05:01.757Z", "updated_at": "2026-06-04T13:05:01.757Z", "capacity": "15,000 kcal/h", "type": 34}}, {"model": "products.capacity", "pk": 121, "fields": {"created_at": "2026-06-04T13:05:11.665Z", "updated_at": "2026-06-04T13:05:11.665Z", "capacity": "21,000 kcal/h", "type": 35}}, {"model": "products.capacity", "pk": 122, "fields": {"created_at": "2026-06-04T13:05:19.585Z", "updated_at": "2026-06-04T13:05:19.585Z", "capacity": "27,000 kcal/h", "type": 36}}, {"model": "products.capacity", "pk": 123, "fields": {"created_at": "2026-06-04T13:05:28.677Z", "updated_at": "2026-06-04T13:05:28.677Z", "capacity": "12,000 kcal/h", "type": 37}}, {"model": "products.capacity", "pk": 124, "fields": {"created_at": "2026-06-04T13:05:36.812Z", "updated_at": "2026-06-04T13:05:36.812Z", "capacity": "15,000 kcal/h", "type": 38}}, {"model": "products.capacity", "pk": 125, "fields": {"created_at": "2026-06-04T13:05:43.892Z", "updated_at": "2026-06-04T13:05:43.892Z", "capacity": "21,000 kcal/h", "type": 39}}, {"model": "products.capacity", "pk": 126, "fields": {"created_at": "2026-06-04T13:05:52.936Z", "updated_at": "2026-06-04T13:05:52.936Z", "capacity": "27,000 kcal/h", "type": 40}}, {"model": "products.capacity", "pk": 127, "fields": {"created_at": "2026-06-04T13:09:12.410Z", "updated_at": "2026-06-04T13:09:12.410Z", "capacity": "15L", "type": 41}}, {"model": "products.capacity", "pk": 128, "fields": {"created_at": "2026-06-04T13:09:22.755Z", "updated_at": "2026-06-04T13:09:22.755Z", "capacity": "15L", "type": 42}}, {"model": "products.capacity", "pk": 129, "fields": {"created_at": "2026-06-04T13:09:31.134Z", "updated_at": "2026-06-04T13:09:31.134Z", "capacity": "30L", "type": 43}}, {"model": "products.capacity", "pk": 130, "fields": {"created_at": "2026-06-04T13:09:36.234Z", "updated_at": "2026-06-04T13:09:36.234Z", "capacity": "30L", "type": 44}}, {"model": "products.capacity", "pk": 131, "fields": {"created_at": "2026-06-04T13:09:43.387Z", "updated_at": "2026-06-04T13:09:43.387Z", "capacity": "50L", "type": 45}}, {"model": "products.capacity", "pk": 132, "fields": {"created_at": "2026-06-04T13:09:48.494Z", "updated_at": "2026-06-04T13:09:48.494Z", "capacity": "50L", "type": 46}}, {"model": "products.capacity", "pk": 133, "fields": {"created_at": "2026-06-04T13:11:56.685Z", "updated_at": "2026-06-04T13:11:56.685Z", "capacity": "15L", "type": 47}}, {"model": "products.capacity", "pk": 134, "fields": {"created_at": "2026-06-04T13:12:05.242Z", "updated_at": "2026-06-04T13:12:05.242Z", "capacity": "15L", "type": 48}}, {"model": "products.capacity", "pk": 135, "fields": {"created_at": "2026-06-04T13:12:12.382Z", "updated_at": "2026-06-04T13:12:12.382Z", "capacity": "30L", "type": 49}}, {"model": "products.capacity", "pk": 136, "fields": {"created_at": "2026-06-04T13:12:17.966Z", "updated_at": "2026-06-04T13:12:17.966Z", "capacity": "30L", "type": 50}}, {"model": "products.capacity", "pk": 137, "fields": {"created_at": "2026-06-04T13:12:28.621Z", "updated_at": "2026-06-04T13:12:28.621Z", "capacity": "50L", "type": 51}}, {"model": "products.capacity", "pk": 138, "fields": {"created_at": "2026-06-04T13:12:37.545Z", "updated_at": "2026-06-04T13:12:37.545Z", "capacity": "80L", "type": 52}}, {"model": "products.capacity", "pk": 139, "fields": {"created_at": "2026-06-04T13:12:45.592Z", "updated_at": "2026-06-04T13:12:45.592Z", "capacity": "100L", "type": 53}}, {"model": "products.capacity", "pk": 140, "fields": {"created_at": "2026-06-04T13:12:50.867Z", "updated_at": "2026-06-04T13:12:50.867Z", "capacity": "50L", "type": 54}}, {"model": "products.capacity", "pk": 141, "fields": {"created_at": "2026-06-04T13:14:11.482Z", "updated_at": "2026-06-04T13:14:11.482Z", "capacity": "50L", "type": 55}}, {"model": "products.capacity", "pk": 142, "fields": {"created_at": "2026-06-04T13:14:17.462Z", "updated_at": "2026-06-04T13:14:17.462Z", "capacity": "100L", "type": 56}}, {"model": "products.capacity", "pk": 143, "fields": {"created_at": "2026-06-04T13:16:27.030Z", "updated_at": "2026-06-04T13:16:27.030Z", "capacity": "140L", "type": 57}}, {"model": "products.capacity", "pk": 144, "fields": {"created_at": "2026-06-04T13:16:27.030Z", "updated_at": "2026-06-04T13:16:27.030Z", "capacity": "240L", "type": 57}}, {"model": "products.capacity", "pk": 145, "fields": {"created_at": "2026-06-04T13:16:27.031Z", "updated_at": "2026-06-04T13:16:27.031Z", "capacity": "340L", "type": 57}}, {"model": "products.capacity", "pk": 146, "fields": {"created_at": "2026-06-04T13:16:27.031Z", "updated_at": "2026-06-04T13:16:27.031Z", "capacity": "440L", "type": 57}}, {"model": "products.capacity", "pk": 147, "fields": {"created_at": "2026-06-04T13:17:11.663Z", "updated_at": "2026-06-04T13:17:11.663Z", "capacity": "140L", "type": 61}}, {"model": "products.capacity", "pk": 148, "fields": {"created_at": "2026-06-04T13:17:17.653Z", "updated_at": "2026-06-04T13:17:17.653Z", "capacity": "240L", "type": 62}}, {"model": "products.capacity", "pk": 149, "fields": {"created_at": "2026-06-04T13:17:22.762Z", "updated_at": "2026-06-04T13:17:22.762Z", "capacity": "340L", "type": 63}}, {"model": "products.capacity", "pk": 150, "fields": {"created_at": "2026-06-04T13:17:29.446Z", "updated_at": "2026-06-04T13:17:29.446Z", "capacity": "440L", "type": 64}}, {"model": "products.image", "pk": 2, "fields": {"created_at": "2026-06-01T13:59:31.659Z", "updated_at": "2026-06-01T13:59:31.659Z", "path": "products/image/NGB554.png", "model": 2}}, {"model": "products.image", "pk": 3, "fields": {"created_at": "2026-06-03T07:06:29.865Z", "updated_at": "2026-06-03T07:06:29.865Z", "path": "products/image/MEW.png", "model": 3}}, {"model": "products.image", "pk": 4, "fields": {"created_at": "2026-06-04T12:42:36.394Z", "updated_at": "2026-06-04T12:42:36.394Z", "path": "products/image/NCB753.png", "model": 4}}, {"model": "products.image", "pk": 5, "fields": {"created_at": "2026-06-04T12:43:07.626Z", "updated_at": "2026-06-04T12:43:07.626Z", "path": "products/image/NCB553.png", "model": 5}}, {"model": "products.image", "pk": 6, "fields": {"created_at": "2026-06-04T12:43:35.805Z", "updated_at": "2026-06-04T12:43:35.805Z", "path": "products/image/NCB354.png", "model": 6}}, {"model": "products.image", "pk": 7, "fields": {"created_at": "2026-06-04T12:52:12.654Z", "updated_at": "2026-06-04T12:52:12.655Z", "path": "products/image/순간식전기보일러.png", "model": 7}}, {"model": "products.image", "pk": 8, "fields": {"created_at": "2026-06-04T12:55:34.961Z", "updated_at": "2026-06-04T12:55:34.961Z", "path": "products/image/스테인리스일반기름보일러일반형.png", "model": 8}}, {"model": "products.image", "pk": 9, "fields": {"created_at": "2026-06-04T13:03:57.254Z", "updated_at": "2026-06-04T13:03:57.254Z", "path": "products/image/NGW550.png", "model": 12}}, {"model": "products.image", "pk": 10, "fields": {"created_at": "2026-06-04T13:04:27.145Z", "updated_at": "2026-06-04T13:04:27.145Z", "path": "products/image/NGW550_fjulAi1.png", "model": 13}}, {"model": "products.image", "pk": 11, "fields": {"created_at": "2026-06-04T13:08:57.874Z", "updated_at": "2026-06-04T13:08:57.874Z", "path": "products/image/ESW550_-세로.png", "model": 14}}, {"model": "products.image", "pk": 12, "fields": {"created_at": "2026-06-04T13:14:00.090Z", "updated_at": "2026-06-04T13:14:00.090Z", "path": "products/image/ESW350_바닥_50.png", "model": 16}}, {"model": "products.image", "pk": 13, "fields": {"created_at": "2026-06-04T13:16:09.112Z", "updated_at": "2026-06-04T13:16:09.112Z", "path": "products/image/EEW.png", "model": 17}}, {"model": "products.image", "pk": 14, "fields": {"created_at": "2026-06-04T13:17:04.480Z", "updated_at": "2026-06-04T13:17:04.480Z", "path": "products/image/MEW_nyI1LZV.png", "model": 18}}]